  [Medusa] DB warning: DATABASE_URL not set
  [Medusa] Scanning all public records…

[Medusa] Starting free-source public records scan...
[Medusa] Sources: CourtListener · AP RSS · Congress RSS · FBI CDE · ED.gov
[CourtListener] 0 records fetched.
[Medusa] CourtListener: 0 raw records
[fetch] FAIL https://feeds.apnews.com/rss/apf-topnews: HTTPSConnectionPool(host='feeds.apnews.com', port=443): Max retries exceeded with url: /rss/apf-topnews (Caused by NameResolutionError("HTTPSConnection(host='feeds.apnews.com', port=443): Failed to resolve 'feeds.apnews.com' ([Errno 7] No address associated with hostname)"))
[fetch] FAIL https://feeds.apnews.com/rss/apf-usnews: HTTPSConnectionPool(host='feeds.apnews.com', port=443): Max retries exceeded with url: /rss/apf-usnews (Caused by NameResolutionError("HTTPSConnection(host='feeds.apnews.com', port=443): Failed to resolve 'feeds.apnews.com' ([Errno 7] No address associated with hostname)"))
[AP RSS] 0 records fetched.
[Medusa] AP News RSS: 0 raw records
[Congress RSS] 0 records fetched.
[Medusa] Congress RSS: 0 raw records
[FBI CDE] 0 aggregate records fetched.
[Medusa] FBI CDE: 0 raw records
[ED.gov] 0 records fetched.
[Medusa] ED.gov: 0 raw records
[Medusa] Total raw records: 0
[Medusa] After normalization: 0 valid records
[Medusa] After scope filter: 0 in-scope records
[Medusa] After dedup: 0 unique records
[Medusa] Scan complete. 0 cases ready.

  [Medusa] 0 found, 0 new cases saved.

  [Medusa] DB warning: DATABASE_URL not set
  [Medusa] Scanning all public records…

[Medusa] Starting free-source public records scan...
[Medusa] Sources: CourtListener · AP RSS · Congress RSS · FBI CDE · ED.gov
[CourtListener] 0 records fetched.
[Medusa] CourtListener: 0 raw records
[fetch] FAIL https://feeds.apnews.com/rss/apf-topnews: HTTPSConnectionPool(host='feeds.apnews.com', port=443): Max retries exceeded with url: /rss/apf-topnews (Caused by NameResolutionError("HTTPSConnection(host='feeds.apnews.com', port=443): Failed to resolve 'feeds.apnews.com' ([Errno 7] No address associated with hostname)"))
[fetch] FAIL https://feeds.apnews.com/rss/apf-usnews: HTTPSConnectionPool(host='feeds.apnews.com', port=443): Max retries exceeded with url: /rss/apf-usnews (Caused by NameResolutionError("HTTPSConnection(host='feeds.apnews.com', port=443): Failed to resolve 'feeds.apnews.com' ([Errno 7] No address associated with hostname)"))
[AP RSS] 0 records fetched.
[Medusa] AP News RSS: 0 raw records
[Congress RSS] 0 records fetched.
[Medusa] Congress RSS: 0 raw records
[FBI CDE] 0 aggregate records fetched.
[Medusa] FBI CDE: 0 raw records
[ED.gov] 0 records fetched.
[Medusa] ED.gov: 0 raw records
[Medusa] Total raw records: 0
[Medusa] After normalization: 0 valid records
[Medusa] After scope filter: 0 in-scope records
[Medusa] After dedup: 0 unique records
[Medusa] Scan complete. 0 cases ready.

  [Medusa] 0 found, 0 new cases saved.

  [Medusa] DB warning: DATABASE_URL not set
  [Medusa] Scanning all public records…

[Medusa] Starting free-source public records scan...
[Medusa] Sources: CourtListener · AP RSS · Congress RSS · FBI CDE · ED.gov
[CourtListener] 0 records fetched.
[Medusa] CourtListener: 0 raw records
[fetch] FAIL https://feeds.apnews.com/rss/apf-topnews: HTTPSConnectionPool(host='feeds.apnews.com', port=443): Max retries exceeded with url: /rss/apf-topnews (Caused by NameResolutionError("HTTPSConnection(host='feeds.apnews.com', port=443): Failed to resolve 'feeds.apnews.com' ([Errno 7] No address associated with hostname)"))
[fetch] FAIL https://feeds.apnews.com/rss/apf-usnews: HTTPSConnectionPool(host='feeds.apnews.com', port=443): Max retries exceeded with url: /rss/apf-usnews (Caused by NameResolutionError("HTTPSConnection(host='feeds.apnews.com', port=443): Failed to resolve 'feeds.apnews.com' ([Errno 7] No address associated with hostname)"))
[AP RSS] 0 records fetched.
[Medusa] AP News RSS: 0 raw records
[Congress RSS] 0 records fetched.
[Medusa] Congress RSS: 0 raw records
[FBI CDE] 0 aggregate records fetched.
[Medusa] FBI CDE: 0 raw records
[ED.gov] 0 records fetched.
[Medusa] ED.gov: 0 raw records
[Medusa] Total raw records: 0
[Medusa] After normalization: 0 valid records
[Medusa] After scope filter: 0 in-scope records
[Medusa] After dedup: 0 unique records
[Medusa] Scan complete. 0 cases ready.

  [Medusa] 0 found, 0 new cases saved.

  [Medusa] DB warning: DATABASE_URL not set
  [Medusa] Scanning all public records…

[Medusa] Starting free-source public records scan...
[Medusa] Sources: CourtListener · AP RSS · Congress RSS · FBI CDE · ED.gov
[CourtListener] request error: HTTPSConnectionPool(host='www.courtlistener.com', port=443): Read timed out. (read timeout=15)
[CourtListener] request error: HTTPSConnectionPool(host='www.courtlistener.com', port=443): Read timed out. (read timeout=15)
[CourtListener] 1200 records fetched.
[Medusa] CourtListener: 1200 raw records
[AP RSS] 3 records fetched.
[Medusa] AP News RSS: 3 raw records
[Congress RSS] 0 records fetched.
[Medusa] Congress RSS: 0 raw records
[FBI CDE] 0 aggregate records fetched.
[Medusa] FBI CDE: 0 raw records
[ED.gov] 0 records fetched.
[Medusa] ED.gov: 0 raw records
[AG Press] 9 records fetched.
[Medusa] AG Press: 9 raw records
[Wiki Homicides] CA: 23 relevant cases
[Wiki Homicides] IL: 15 relevant cases
[Wiki Homicides] MI: 10 relevant cases
[Wiki Homicides] MA: 0 relevant cases
[Wiki Homicides] WI: 9 relevant cases
[Wiki Homicides] OR: 4 relevant cases
[Wiki Homicides] NV: 6 relevant cases
[Wiki Homicides] 67 total records fetched.
[Medusa] Wiki Homicides: 67 raw records
[Medusa] Total raw records: 1279
[Medusa] After normalization: 1279 valid records
[Medusa] After scope filter: 460 in-scope records
[Medusa] After dedup: 425 unique records
[Medusa] Scan complete. 425 cases ready.
Traceback (most recent call last):
  File "/data/data/com.termux/files/home/medusa/main.py", line 43, in <module>
    if save_case(c):
       ^^^^^^^^^^^^
  File "/data/data/com.termux/files/home/medusa/medusa/database.py", line 107, in save_case
    session = get_session()
              ^^^^^^^^^^^^^
  File "/data/data/com.termux/files/home/medusa/medusa/database.py", line 93, in get_session
    engine = get_engine()
             ^^^^^^^^^^^^
  File "/data/data/com.termux/files/home/medusa/medusa/database.py", line 81, in get_engine
    raise RuntimeError("DATABASE_URL not set")
RuntimeError: DATABASE_URL not set
  [Medusa] DB warning: DATABASE_URL not set
  [Medusa] Scanning all public records…

[Medusa] Starting free-source public records scan...
[Medusa] Mission: To document male violence against women and children in the United States.
[Medusa] For: The women and children who were not counted.
[Medusa] Sources: CourtListener · AP RSS · Congress RSS · FBI CDE · ED.gov
[AP RSS] 2 records fetched.
[Medusa] AP News RSS: 2 raw records
[ED.gov] 0 records fetched.
[Medusa] ED.gov: 0 raw records
[Wiki Homicides] CA: 23 relevant cases
[Wiki Homicides] IL: 15 relevant cases
[Wiki Homicides] MI: 10 relevant cases
[Wiki Homicides] MA: 0 relevant cases
[Wiki Homicides] WI: 9 relevant cases
[Wiki Homicides] OR: 4 relevant cases
[FBI CDE] 0 aggregate records fetched.
[Medusa] FBI CDE: 0 raw records
[Wiki Homicides] NV: 6 relevant cases
[Wiki Homicides] 67 total records fetched.
[Medusa] Wiki Homicides: 67 raw records
[AG Press] 10 records fetched.
[Medusa] AG Press: 10 raw records
[CourtListener] 4786 records fetched.
[Medusa] CourtListener: 4786 raw records
[Medusa] Total raw records: 4865
[Watchdog] Source health after 1 scans:
  ✓  OK     CourtListener — last returned 4786
  ✓  OK     AP News RSS — last returned 2
  ✓  OK     FBI CDE — last returned 0
  ✓  OK     ED.gov — last returned 0
  ✓  OK     AG Press — last returned 0
  ✓  OK     Wiki Homicides — last returned 67
  → All sources healthy
[Medusa] After normalization: 4865 valid records
[Medusa] After scope filter: 4807 in-scope records
[Medusa] After dedup: 1695 unique records
[Medusa] Geocoded 78 unique locations for 1695 records.
[Medusa] Scan complete. 1695 cases ready.
[Medusa Meta] 2026-04-29T09:19:34.760713+00:00
  Window: 1 scans | Yield: 34.8% | Trend: stable
  Settling: False | Attractors: ['sexual_assault(37%)']
  → Attractor sexual_assault at 37% — deprioritize
  → Source concentration — add new sources
  → Missing types entirely: ['rape', 'harassment', 'assault']
Traceback (most recent call last):
  File "/data/data/com.termux/files/home/medusa/main.py", line 43, in <module>
    if save_case(c):
       ^^^^^^^^^^^^
  File "/data/data/com.termux/files/home/medusa/medusa/database.py", line 107, in save_case
    session = get_session()
              ^^^^^^^^^^^^^
  File "/data/data/com.termux/files/home/medusa/medusa/database.py", line 93, in get_session
    engine = get_engine()
             ^^^^^^^^^^^^
  File "/data/data/com.termux/files/home/medusa/medusa/database.py", line 81, in get_engine
    raise RuntimeError("DATABASE_URL not set")
RuntimeError: DATABASE_URL not set
  [Medusa] DB warning: DATABASE_URL not set
[Meta] 10 scan records loaded.
[Watchdog] Loaded. 6 scans tracked.
  [Medusa] Scanning all public records…

[Medusa] Starting free-source public records scan...
[Medusa] Mission: To document male violence against women and children in the United States.
[Medusa] For: The women and children who were not counted.
[Medusa] Sources: CourtListener · AP RSS · Congress RSS · FBI CDE · ED.gov
[ED.gov] 0 records fetched.
[Medusa] ED.gov: 0 raw records
[AG Press] 11 records fetched.
[Medusa] AG Press: 11 raw records
[Wiki Homicides] CA: 23 relevant cases
[Wiki Homicides] IL: 15 relevant cases
[AP RSS] 1 records fetched.
[Medusa] AP News RSS: 1 raw records
[Wiki Homicides] MI: 10 relevant cases
[Wiki Homicides] MA: 0 relevant cases
[Wiki Homicides] WI: 9 relevant cases
[Wiki Homicides] OR: 4 relevant cases
[Wiki Homicides] NV: 6 relevant cases
[Wiki Homicides] 67 total records fetched.
[Medusa] Wiki Homicides: 67 raw records
[FBI CDE] 0 aggregate records fetched.
[Medusa] FBI CDE: 0 raw records
[CourtListener] request error: HTTPSConnectionPool(host='www.courtlistener.com', port=443): Read timed out. (read timeout=15)
[CourtListener] 8119 records fetched.
[Medusa] CourtListener: 8119 raw records
[Medusa] Total raw records: 8198
[Watchdog] Source health after 7 scans:
  ❌ DEAD   FBI CDE — 7 consecutive zeros
  ❌ DEAD   ED.gov — 7 consecutive zeros
  ❌ DEAD   AG Press — 7 consecutive zeros
  ✓  OK     CourtListener — last returned 8119
  ✓  OK     AP News RSS — last returned 1
  ✓  OK     Wiki Homicides — last returned 67
  → 3 dead sources — fix feeds or remove from scanner
[Medusa] After normalization: 8198 valid records
[Medusa] After scope filter: 8141 in-scope records
[Medusa] After dedup: 2980 unique records
[Medusa] Geocoded 88 unique locations for 2980 records.
[Medusa] Scan complete. 2980 cases ready.
[Medusa Meta] 2026-04-30T09:23:53.572854+00:00
  Window: 10 scans | Yield: 42.4% | Trend: stable
  Settling: False | Attractors: None
  → Source concentration — add new sources
  → Missing types entirely: ['harassment', 'coercive_control']
Traceback (most recent call last):
  File "/data/data/com.termux/files/home/medusa/main.py", line 43, in <module>
    if save_case(c):
       ^^^^^^^^^^^^
  File "/data/data/com.termux/files/home/medusa/medusa/database.py", line 107, in save_case
    session = get_session()
              ^^^^^^^^^^^^^
  File "/data/data/com.termux/files/home/medusa/medusa/database.py", line 93, in get_session
    engine = get_engine()
             ^^^^^^^^^^^^
  File "/data/data/com.termux/files/home/medusa/medusa/database.py", line 81, in get_engine
    raise RuntimeError("DATABASE_URL not set")
RuntimeError: DATABASE_URL not set
  [Medusa] DB warning: DATABASE_URL not set
[Meta] 11 scan records loaded.
[Watchdog] Loaded. 7 scans tracked.
  [Medusa] Scanning all public records…

[Medusa] Starting free-source public records scan...
[Medusa] Mission: To document male violence against women and children in the United States.
[Medusa] For: The women and children who were not counted.
[Medusa] Sources: CourtListener · AP RSS · Congress RSS · FBI CDE · ED.gov
[ED.gov] 0 records fetched.
[Medusa] ED.gov: 0 raw records
[AP RSS] 2 records fetched.
[Medusa] AP News RSS: 2 raw records
[FBI CDE] 0 aggregate records fetched.
[Medusa] FBI CDE: 0 raw records
[Wiki Homicides] CA: 23 relevant cases
[Wiki Homicides] IL: 15 relevant cases
[AG Press] 10 records fetched.
[Medusa] AG Press: 10 raw records
[Wiki Homicides] MI: 10 relevant cases
[Wiki Homicides] MA: 0 relevant cases
[Wiki Homicides] WI: 9 relevant cases
[Wiki Homicides] OR: 4 relevant cases
[Wiki Homicides] NV: 6 relevant cases
[Wiki Homicides] 67 total records fetched.
[Medusa] Wiki Homicides: 67 raw records
[CourtListener] request error: HTTPSConnectionPool(host='www.courtlistener.com', port=443): Read timed out. (read timeout=15)
[CourtListener] request error: HTTPSConnectionPool(host='www.courtlistener.com', port=443): Read timed out. (read timeout=15)
[CourtListener] request error: HTTPSConnectionPool(host='www.courtlistener.com', port=443): Read timed out. (read timeout=15)
[CourtListener] request error: HTTPSConnectionPool(host='www.courtlistener.com', port=443): Read timed out. (read timeout=15)
[CourtListener] 5679 records fetched.
[Medusa] CourtListener: 5679 raw records
[Medusa] Total raw records: 5758
[Watchdog] Source health after 8 scans:
  ❌ DEAD   FBI CDE — 8 consecutive zeros
  ❌ DEAD   ED.gov — 8 consecutive zeros
  ❌ DEAD   AG Press — 8 consecutive zeros
  ✓  OK     CourtListener — last returned 5679
  ✓  OK     AP News RSS — last returned 2
  ✓  OK     Wiki Homicides — last returned 67
  → 3 dead sources — fix feeds or remove from scanner
[Medusa] After normalization: 5758 valid records
[Medusa] After scope filter: 5701 in-scope records
[Medusa] After dedup: 1851 unique records
[Medusa] Geocoded 87 unique locations for 1851 records.
[Medusa] Scan complete. 1851 cases ready.
[Medusa Meta] 2026-05-01T09:23:12.783770+00:00
  Window: 10 scans | Yield: 41.5% | Trend: falling
  Settling: False | Attractors: None
  → Source concentration — add new sources
  → Missing types entirely: ['coercive_control']
  → Yield declining — add AG feeds or Wikipedia sources
Traceback (most recent call last):
  File "/data/data/com.termux/files/home/medusa/main.py", line 43, in <module>
    if save_case(c):
       ^^^^^^^^^^^^
  File "/data/data/com.termux/files/home/medusa/medusa/database.py", line 107, in save_case
    session = get_session()
              ^^^^^^^^^^^^^
  File "/data/data/com.termux/files/home/medusa/medusa/database.py", line 93, in get_session
    engine = get_engine()
             ^^^^^^^^^^^^
  File "/data/data/com.termux/files/home/medusa/medusa/database.py", line 81, in get_engine
    raise RuntimeError("DATABASE_URL not set")
RuntimeError: DATABASE_URL not set
  [Medusa] DB warning: DATABASE_URL not set
  [Medusa] Scanning all public records…

[Medusa] Starting scan...
[DOJ Press] 0 records fetched.
[Medusa] DOJ Press (94 districts): 0 raw records
[DOJ] 22 records fetched.
[Medusa] DOJ / OVW / FBI: 22 raw records
[Wiki Homicides] CA: 23 relevant cases
[Wiki Homicides] IL: 15 relevant cases
[Wiki Homicides] MI: 10 relevant cases
[Wiki Homicides] MA: 0 relevant cases
[Wiki Homicides] WI: 9 relevant cases
[Wiki Homicides] OR: 4 relevant cases
[Wiki Homicides] NV: 6 relevant cases
[Wiki Homicides] 67 total records fetched.
[Medusa] Wiki Homicides: 67 raw records
[fetch] FAIL https://feeds.apnews.com/rss/apf-topnews: HTTPSConnectionPool(host='feeds.apnews.com', port=443): Max retries exceeded with url: /rss/apf-topnews (Caused by NameResolutionError("HTTPSConnection(host='feeds.apnews.com', port=443): Failed to resolve 'feeds.apnews.com' ([Errno 7] No address associated with hostname)"))
[fetch] FAIL https://feeds.apnews.com/rss/apf-usnews: HTTPSConnectionPool(host='feeds.apnews.com', port=443): Max retries exceeded with url: /rss/apf-usnews (Caused by NameResolutionError("HTTPSConnection(host='feeds.apnews.com', port=443): Failed to resolve 'feeds.apnews.com' ([Errno 7] No address associated with hostname)"))
[AP RSS] 0 records fetched.
[Medusa] AP News RSS: 0 raw records
[AG Press] Florida AG: 4 records
[AG Press] Georgia AG: 3 records
[AG Press] 7 total records fetched.
[Medusa] AG Press: 7 raw records
[CourtListener] 4 known documented-perpetrator cases loaded.
[CourtListener] 4 records fetched.
[Medusa] CourtListener: 4 raw records
[Marshall Project] 0 records.
[DOJ CEOS] 0 records.
[Medusa] Marshall Project: 0 raw records
[ProPublica/DOJ] 0 records fetched.
[Medusa] ProPublica / DOJ OVW: 0 raw records
[FBI CDE] 0 aggregate state records fetched.
[Medusa] FBI CDE: 0 raw records
[Medusa] Total raw records: 100
[Medusa] After normalization: 100 valid records
[Medusa] After dedup: 99 unique records
[Medusa] Geocoded 99 unique locations for 99 records.
[Medusa] Scan complete. 99 cases ready.
Traceback (most recent call last):
  File "/data/data/com.termux/files/home/medusa/main.py", line 43, in <module>
    if save_case(c):
       ^^^^^^^^^^^^
  File "/data/data/com.termux/files/home/medusa/medusa/database.py", line 107, in save_case
    session = get_session()
              ^^^^^^^^^^^^^
  File "/data/data/com.termux/files/home/medusa/medusa/database.py", line 93, in get_session
    engine = get_engine()
             ^^^^^^^^^^^^
  File "/data/data/com.termux/files/home/medusa/medusa/database.py", line 81, in get_engine
    raise RuntimeError("DATABASE_URL not set")
RuntimeError: DATABASE_URL not set
  [Medusa] DB warning: DATABASE_URL not set
  [Medusa] Scanning all public records…

[Medusa] Starting scan...
[DOJ Press] 0 records fetched.
[Medusa] DOJ Press (94 districts): 0 raw records
[DOJ] 22 records fetched.
[Medusa] DOJ / OVW / FBI: 22 raw records
[Wiki Homicides] CA: 23 relevant cases
[Wiki Homicides] IL: 15 relevant cases
[Wiki Homicides] MI: 10 relevant cases
[Wiki Homicides] MA: 0 relevant cases
[Wiki Homicides] WI: 9 relevant cases
[Wiki Homicides] OR: 4 relevant cases
[Wiki Homicides] NV: 6 relevant cases
[Wiki Homicides] 67 total records fetched.
[Medusa] Wiki Homicides: 67 raw records
[fetch] FAIL https://feeds.themarshallproject.org/marshall-project-stories: HTTPSConnectionPool(host='feeds.themarshallproject.org', port=443): Max retries exceeded with url: /marshall-project-stories (Caused by NameResolutionError("HTTPSConnection(host='feeds.themarshallproject.org', port=443): Failed to resolve 'feeds.themarshallproject.org' ([Errno 7] No address associated with hostname)"))
[Wire RSS] 2 records fetched.
[Medusa] AP News RSS: 2 raw records
[AG Press] Florida AG: 4 records
[AG Press] Georgia AG: 3 records
[AG Press] 7 total records fetched.
[Medusa] AG Press: 7 raw records
[CourtListener] 4 known documented-perpetrator cases loaded.
[CourtListener] 4 records fetched.
[Medusa] CourtListener: 4 raw records
[Marshall Project] 0 records.
[DOJ CEOS] 0 records.
[Medusa] Marshall Project: 0 raw records
[ProPublica/DOJ] 0 records fetched.
[Medusa] ProPublica / DOJ OVW: 0 raw records
[FBI CDE] 0 aggregate state records fetched.
[Medusa] FBI CDE: 0 raw records
[Medusa] Total raw records: 102
[Medusa] After normalization: 102 valid records
[Medusa] After dedup: 101 unique records
[Medusa] Geocoded 101 unique locations for 101 records.
[Medusa] Scan complete. 101 cases ready.
Traceback (most recent call last):
  File "/data/data/com.termux/files/home/medusa/main.py", line 43, in <module>
    if save_case(c):
       ^^^^^^^^^^^^
  File "/data/data/com.termux/files/home/medusa/medusa/database.py", line 107, in save_case
    session = get_session()
              ^^^^^^^^^^^^^
  File "/data/data/com.termux/files/home/medusa/medusa/database.py", line 93, in get_session
    engine = get_engine()
             ^^^^^^^^^^^^
  File "/data/data/com.termux/files/home/medusa/medusa/database.py", line 81, in get_engine
    raise RuntimeError("DATABASE_URL not set")
RuntimeError: DATABASE_URL not set
  [Medusa] DB warning: DATABASE_URL not set
  [Medusa] Scanning all public records…

[Medusa] Starting scan...
[DOJ Press] 0 records fetched.
[Medusa] DOJ Press (94 districts): 0 raw records
[DOJ] 22 records fetched.
[Medusa] DOJ / OVW / FBI: 22 raw records
[Wiki Homicides] CA: 23 relevant cases
[Wiki Homicides] IL: 15 relevant cases
[Wiki Homicides] MI: 10 relevant cases
[Wiki Homicides] MA: 0 relevant cases
[Wiki Homicides] WI: 9 relevant cases
[Wiki Homicides] OR: 4 relevant cases
[Wiki Homicides] NV: 6 relevant cases
[Wiki Homicides] 67 total records fetched.
[Medusa] Wiki Homicides: 67 raw records
[fetch] FAIL https://feeds.themarshallproject.org/marshall-project-stories: HTTPSConnectionPool(host='feeds.themarshallproject.org', port=443): Max retries exceeded with url: /marshall-project-stories (Caused by NameResolutionError("HTTPSConnection(host='feeds.themarshallproject.org', port=443): Failed to resolve 'feeds.themarshallproject.org' ([Errno 7] No address associated with hostname)"))
[Wire RSS] 1 records fetched.
[Medusa] AP News RSS: 1 raw records
[AG Press] Florida AG: 4 records
[AG Press] Georgia AG: 3 records
[AG Press] 7 total records fetched.
[Medusa] AG Press: 7 raw records
[CourtListener] 4 known documented-perpetrator cases loaded.
[CourtListener] 4 records fetched.
[Medusa] CourtListener: 4 raw records
[Marshall Project] 0 records.
[DOJ CEOS] 0 records.
[Medusa] Marshall Project: 0 raw records
[ProPublica/DOJ] 0 records fetched.
[Medusa] ProPublica / DOJ OVW: 0 raw records
[FBI CDE] 0 aggregate state records fetched.
[Medusa] FBI CDE: 0 raw records
[Medusa] Total raw records: 101
[Medusa] After normalization: 101 valid records
[Medusa] After dedup: 100 unique records
[Medusa] Geocoded 100 unique locations for 100 records.
[Medusa] Scan complete. 100 cases ready.
Traceback (most recent call last):
  File "/data/data/com.termux/files/home/medusa/main.py", line 43, in <module>
    if save_case(c):
       ^^^^^^^^^^^^
  File "/data/data/com.termux/files/home/medusa/medusa/database.py", line 107, in save_case
    session = get_session()
              ^^^^^^^^^^^^^
  File "/data/data/com.termux/files/home/medusa/medusa/database.py", line 93, in get_session
    engine = get_engine()
             ^^^^^^^^^^^^
  File "/data/data/com.termux/files/home/medusa/medusa/database.py", line 81, in get_engine
    raise RuntimeError("DATABASE_URL not set")
RuntimeError: DATABASE_URL not set
  [Medusa] DB warning: DATABASE_URL not set
  [Medusa] Scanning all public records…

[Medusa] Starting scan...
[DOJ Press] 0 records fetched.
[Medusa] DOJ Press (94 districts): 0 raw records
[DOJ] 22 records fetched.
[Medusa] DOJ / OVW / FBI: 22 raw records
[Wiki Homicides] CA: 23 relevant cases
[Wiki Homicides] IL: 15 relevant cases
[Wiki Homicides] MI: 10 relevant cases
[Wiki Homicides] MA: 0 relevant cases
[Wiki Homicides] WI: 9 relevant cases
[Wiki Homicides] OR: 4 relevant cases
[Wiki Homicides] NV: 6 relevant cases
[Wiki Homicides] 67 total records fetched.
[Medusa] Wiki Homicides: 67 raw records
[fetch] FAIL https://feeds.themarshallproject.org/marshall-project-stories: HTTPSConnectionPool(host='feeds.themarshallproject.org', port=443): Max retries exceeded with url: /marshall-project-stories (Caused by NameResolutionError("HTTPSConnection(host='feeds.themarshallproject.org', port=443): Failed to resolve 'feeds.themarshallproject.org' ([Errno 7] No address associated with hostname)"))
[Wire RSS] 2 records fetched.
[Medusa] AP News RSS: 2 raw records
[AG Press] Florida AG: 4 records
[AG Press] Georgia AG: 3 records
[AG Press] 7 total records fetched.
[Medusa] AG Press: 7 raw records
[CourtListener] 4 known documented-perpetrator cases loaded.
[CourtListener] 4 records fetched.
[Medusa] CourtListener: 4 raw records
[Marshall Project] 0 records.
[DOJ CEOS] 0 records.
[Medusa] Marshall Project: 0 raw records
[ProPublica/DOJ] 0 records fetched.
[Medusa] ProPublica / DOJ OVW: 0 raw records
[FBI CDE] 0 aggregate state records fetched.
[Medusa] FBI CDE: 0 raw records
[Medusa] Total raw records: 102
[Medusa] After normalization: 102 valid records
[Medusa] After dedup: 101 unique records
[Medusa] Geocoded 101 unique locations for 101 records.
[Medusa] Scan complete. 101 cases ready.
Traceback (most recent call last):
  File "/data/data/com.termux/files/home/medusa/main.py", line 43, in <module>
    if save_case(c):
       ^^^^^^^^^^^^
  File "/data/data/com.termux/files/home/medusa/medusa/database.py", line 107, in save_case
    session = get_session()
              ^^^^^^^^^^^^^
  File "/data/data/com.termux/files/home/medusa/medusa/database.py", line 93, in get_session
    engine = get_engine()
             ^^^^^^^^^^^^
  File "/data/data/com.termux/files/home/medusa/medusa/database.py", line 81, in get_engine
    raise RuntimeError("DATABASE_URL not set")
RuntimeError: DATABASE_URL not set
  [Medusa] DB warning: DATABASE_URL not set
  [Medusa] Scanning all public records…

[Medusa] Starting scan...
[DOJ Press] 0 records fetched.
[Medusa] DOJ Press (94 districts): 0 raw records
[DOJ] 22 records fetched.
[Medusa] DOJ / OVW / FBI: 22 raw records
[Wiki Homicides] CA: 23 relevant cases
[Wiki Homicides] IL: 15 relevant cases
[Wiki Homicides] MI: 10 relevant cases
[Wiki Homicides] MA: 0 relevant cases
[Wiki Homicides] WI: 9 relevant cases
[Wiki Homicides] OR: 4 relevant cases
[Wiki Homicides] NV: 6 relevant cases
[Wiki Homicides] 67 total records fetched.
[Medusa] Wiki Homicides: 67 raw records
[fetch] FAIL https://feeds.themarshallproject.org/marshall-project-stories: HTTPSConnectionPool(host='feeds.themarshallproject.org', port=443): Max retries exceeded with url: /marshall-project-stories (Caused by NameResolutionError("HTTPSConnection(host='feeds.themarshallproject.org', port=443): Failed to resolve 'feeds.themarshallproject.org' ([Errno 7] No address associated with hostname)"))
[Wire RSS] 2 records fetched.
[Medusa] AP News RSS: 2 raw records
[AG Press] Florida AG: 5 records
[AG Press] Georgia AG: 3 records
[AG Press] 8 total records fetched.
[Medusa] AG Press: 8 raw records
[CourtListener] 4 known documented-perpetrator cases loaded.
[CourtListener] 4 records fetched.
[Medusa] CourtListener: 4 raw records
[Marshall Project] 0 records.
[DOJ CEOS] 0 records.
[Medusa] Marshall Project: 0 raw records
[ProPublica/DOJ] 0 records fetched.
[Medusa] ProPublica / DOJ OVW: 0 raw records
[FBI CDE] 0 aggregate state records fetched.
[Medusa] FBI CDE: 0 raw records
[Medusa] Total raw records: 103
[Medusa] After normalization: 103 valid records
[Medusa] After dedup: 102 unique records
[Medusa] Geocoded 102 unique locations for 102 records.
[Medusa] Scan complete. 102 cases ready.
Traceback (most recent call last):
  File "/data/data/com.termux/files/home/medusa/main.py", line 43, in <module>
    if save_case(c):
       ^^^^^^^^^^^^
  File "/data/data/com.termux/files/home/medusa/medusa/database.py", line 107, in save_case
    session = get_session()
              ^^^^^^^^^^^^^
  File "/data/data/com.termux/files/home/medusa/medusa/database.py", line 93, in get_session
    engine = get_engine()
             ^^^^^^^^^^^^
  File "/data/data/com.termux/files/home/medusa/medusa/database.py", line 81, in get_engine
    raise RuntimeError("DATABASE_URL not set")
RuntimeError: DATABASE_URL not set
  [Medusa] DB warning: DATABASE_URL not set
  [Medusa] Scanning all public records…

[Medusa] Starting scan...
[DOJ Press] 0 records fetched.
[Medusa] DOJ Press (94 districts): 0 raw records
[DOJ] 22 records fetched.
[Medusa] DOJ / OVW / FBI: 22 raw records
[Wiki Homicides] CA: 23 relevant cases
[Wiki Homicides] IL: 15 relevant cases
[Wiki Homicides] MI: 10 relevant cases
[Wiki Homicides] MA: 0 relevant cases
[Wiki Homicides] WI: 9 relevant cases
[Wiki Homicides] OR: 4 relevant cases
[Wiki Homicides] NV: 6 relevant cases
[Wiki Homicides] 67 total records fetched.
[Medusa] Wiki Homicides: 67 raw records
[fetch] FAIL https://feeds.themarshallproject.org/marshall-project-stories: HTTPSConnectionPool(host='feeds.themarshallproject.org', port=443): Max retries exceeded with url: /marshall-project-stories (Caused by NameResolutionError("HTTPSConnection(host='feeds.themarshallproject.org', port=443): Failed to resolve 'feeds.themarshallproject.org' ([Errno 7] No address associated with hostname)"))
[Wire RSS] 2 records fetched.
[Medusa] AP News RSS: 2 raw records
[AG Press] Florida AG: 4 records
[AG Press] Georgia AG: 3 records
[AG Press] 7 total records fetched.
[Medusa] AG Press: 7 raw records
[CourtListener] 4 known documented-perpetrator cases loaded.
[CourtListener] 4 records fetched.
[Medusa] CourtListener: 4 raw records
[Marshall Project] 0 records.
[DOJ CEOS] 0 records.
[Medusa] Marshall Project: 0 raw records
[ProPublica/DOJ] 0 records fetched.
[Medusa] ProPublica / DOJ OVW: 0 raw records
[FBI CDE] 0 aggregate state records fetched.
[Medusa] FBI CDE: 0 raw records
[Medusa] Total raw records: 102
[Medusa] After normalization: 102 valid records
[Medusa] After dedup: 101 unique records
[Medusa] Geocoded 101 unique locations for 101 records.
[Medusa] Scan complete. 101 cases ready.
Traceback (most recent call last):
  File "/data/data/com.termux/files/home/medusa/main.py", line 43, in <module>
    if save_case(c):
       ^^^^^^^^^^^^
  File "/data/data/com.termux/files/home/medusa/medusa/database.py", line 107, in save_case
    session = get_session()
              ^^^^^^^^^^^^^
  File "/data/data/com.termux/files/home/medusa/medusa/database.py", line 93, in get_session
    engine = get_engine()
             ^^^^^^^^^^^^
  File "/data/data/com.termux/files/home/medusa/medusa/database.py", line 81, in get_engine
    raise RuntimeError("DATABASE_URL not set")
RuntimeError: DATABASE_URL not set
  [Medusa] DB warning: DATABASE_URL not set
  [Medusa] Scanning all public records…

[Medusa] Starting scan...
[DOJ Press] 0 records fetched.
[Medusa] DOJ Press (94 districts): 0 raw records
[DOJ] 23 records fetched.
[Medusa] DOJ / OVW / FBI: 23 raw records
[Wiki Homicides] CA: 23 relevant cases
[Wiki Homicides] IL: 15 relevant cases
[Wiki Homicides] MI: 10 relevant cases
[Wiki Homicides] MA: 0 relevant cases
[Wiki Homicides] WI: 9 relevant cases
[Wiki Homicides] OR: 4 relevant cases
[Wiki Homicides] NV: 6 relevant cases
[Wiki Homicides] 67 total records fetched.
[Medusa] Wiki Homicides: 67 raw records
[fetch] FAIL https://feeds.themarshallproject.org/marshall-project-stories: HTTPSConnectionPool(host='feeds.themarshallproject.org', port=443): Max retries exceeded with url: /marshall-project-stories (Caused by NameResolutionError("HTTPSConnection(host='feeds.themarshallproject.org', port=443): Failed to resolve 'feeds.themarshallproject.org' ([Errno 7] No address associated with hostname)"))
[Wire RSS] 1 records fetched.
[Medusa] AP News RSS: 1 raw records
[AG Press] Florida AG: 4 records
[AG Press] Georgia AG: 3 records
[AG Press] 7 total records fetched.
[Medusa] AG Press: 7 raw records
[CourtListener] 4 known documented-perpetrator cases loaded.
[CourtListener] 4 records fetched.
[Medusa] CourtListener: 4 raw records
[Marshall Project] 0 records.
[DOJ CEOS] 0 records.
[Medusa] Marshall Project: 0 raw records
[ProPublica/DOJ] 0 records fetched.
[Medusa] ProPublica / DOJ OVW: 0 raw records
[FBI CDE] 0 aggregate state records fetched.
[Medusa] FBI CDE: 0 raw records
[Medusa] Total raw records: 102
[Medusa] After normalization: 102 valid records
[Medusa] After dedup: 102 unique records
[Medusa] Geocoded 102 unique locations for 102 records.
[Medusa] Scan complete. 102 cases ready.
Traceback (most recent call last):
  File "/data/data/com.termux/files/home/medusa/main.py", line 43, in <module>
    if save_case(c):
       ^^^^^^^^^^^^
  File "/data/data/com.termux/files/home/medusa/medusa/database.py", line 107, in save_case
    session = get_session()
              ^^^^^^^^^^^^^
  File "/data/data/com.termux/files/home/medusa/medusa/database.py", line 93, in get_session
    engine = get_engine()
             ^^^^^^^^^^^^
  File "/data/data/com.termux/files/home/medusa/medusa/database.py", line 81, in get_engine
    raise RuntimeError("DATABASE_URL not set")
RuntimeError: DATABASE_URL not set
  [Medusa] DB warning: DATABASE_URL not set
  [Medusa] Scanning all public records…

[Medusa] Starting scan...
[DOJ Press] 0 records fetched.
[Medusa] DOJ Press (94 districts): 0 raw records
[DOJ] 21 records fetched.
[Medusa] DOJ / OVW / FBI: 21 raw records
[Wiki Homicides] CA: 23 relevant cases
[Wiki Homicides] IL: 15 relevant cases
[Wiki Homicides] MI: 10 relevant cases
[Wiki Homicides] MA: 0 relevant cases
[Wiki Homicides] WI: 9 relevant cases
[Wiki Homicides] OR: 4 relevant cases
[Wiki Homicides] NV: 6 relevant cases
[Wiki Homicides] 67 total records fetched.
[Medusa] Wiki Homicides: 67 raw records
[fetch] FAIL https://feeds.themarshallproject.org/marshall-project-stories: HTTPSConnectionPool(host='feeds.themarshallproject.org', port=443): Max retries exceeded with url: /marshall-project-stories (Caused by NameResolutionError("HTTPSConnection(host='feeds.themarshallproject.org', port=443): Failed to resolve 'feeds.themarshallproject.org' ([Errno 7] No address associated with hostname)"))
[Wire RSS] 1 records fetched.
[Medusa] AP News RSS: 1 raw records
[AG Press] Florida AG: 4 records
[AG Press] Georgia AG: 3 records
[AG Press] 7 total records fetched.
[Medusa] AG Press: 7 raw records
[CourtListener] 4 known documented-perpetrator cases loaded.
[CourtListener] 4 records fetched.
[Medusa] CourtListener: 4 raw records
[Marshall Project] 0 records.
[DOJ CEOS] 0 records.
[Medusa] Marshall Project: 0 raw records
[ProPublica/DOJ] 0 records fetched.
[Medusa] ProPublica / DOJ OVW: 0 raw records
[FBI CDE] 0 aggregate state records fetched.
[Medusa] FBI CDE: 0 raw records
[Medusa] Total raw records: 100
[Medusa] After normalization: 40 valid records
[Medusa] After dedup: 40 unique records
[Medusa] Geocoded 40 unique locations for 40 records.
[Medusa] Scan complete. 40 cases ready.
Traceback (most recent call last):
  File "/data/data/com.termux/files/home/medusa/main.py", line 43, in <module>
    if save_case(c):
       ^^^^^^^^^^^^
  File "/data/data/com.termux/files/home/medusa/medusa/database.py", line 107, in save_case
    session = get_session()
              ^^^^^^^^^^^^^
  File "/data/data/com.termux/files/home/medusa/medusa/database.py", line 93, in get_session
    engine = get_engine()
             ^^^^^^^^^^^^
  File "/data/data/com.termux/files/home/medusa/medusa/database.py", line 81, in get_engine
    raise RuntimeError("DATABASE_URL not set")
RuntimeError: DATABASE_URL not set
  [Medusa] DB warning: DATABASE_URL not set
  [Medusa] Scanning all public records…

[Medusa] Starting scan...
[DOJ Press] 0 records fetched.
[Medusa] DOJ Press (94 districts): 0 raw records
[DOJ] 19 records fetched.
[Medusa] DOJ / OVW / FBI: 19 raw records
[Wiki Homicides] CA: 23 relevant cases
[Wiki Homicides] IL: 15 relevant cases
[Wiki Homicides] MI: 10 relevant cases
[Wiki Homicides] MA: 0 relevant cases
[Wiki Homicides] WI: 9 relevant cases
[Wiki Homicides] OR: 4 relevant cases
[Wiki Homicides] NV: 6 relevant cases
[Wiki Homicides] 67 total records fetched.
[Medusa] Wiki Homicides: 67 raw records
[fetch] FAIL https://feeds.themarshallproject.org/marshall-project-stories: HTTPSConnectionPool(host='feeds.themarshallproject.org', port=443): Max retries exceeded with url: /marshall-project-stories (Caused by NameResolutionError("HTTPSConnection(host='feeds.themarshallproject.org', port=443): Failed to resolve 'feeds.themarshallproject.org' ([Errno 7] No address associated with hostname)"))
[Wire RSS] 2 records fetched.
[Medusa] AP News RSS: 2 raw records
[AG Press] Florida AG: 4 records
[AG Press] Georgia AG: 3 records
[AG Press] 7 total records fetched.
[Medusa] AG Press: 7 raw records
[CourtListener] 4 known documented-perpetrator cases loaded.
[CourtListener] 4 records fetched.
[Medusa] CourtListener: 4 raw records
[Marshall Project] 0 records.
[DOJ CEOS] 0 records.
[Medusa] Marshall Project: 0 raw records
[ProPublica/DOJ] 0 records fetched.
[Medusa] ProPublica / DOJ OVW: 0 raw records
[FBI CDE] 0 aggregate state records fetched.
[Medusa] FBI CDE: 0 raw records
[Medusa] Total raw records: 99
[Medusa] After normalization: 43 valid records
[Medusa] After dedup: 43 unique records
[Medusa] Geocoded 43 unique locations for 43 records.
[Medusa] Scan complete. 43 cases ready.
Traceback (most recent call last):
  File "/data/data/com.termux/files/home/medusa/main.py", line 43, in <module>
    if save_case(c):
       ^^^^^^^^^^^^
  File "/data/data/com.termux/files/home/medusa/medusa/database.py", line 107, in save_case
    session = get_session()
              ^^^^^^^^^^^^^
  File "/data/data/com.termux/files/home/medusa/medusa/database.py", line 93, in get_session
    engine = get_engine()
             ^^^^^^^^^^^^
  File "/data/data/com.termux/files/home/medusa/medusa/database.py", line 81, in get_engine
    raise RuntimeError("DATABASE_URL not set")
RuntimeError: DATABASE_URL not set
  [Medusa] DB warning: DATABASE_URL not set
  [Medusa] Scanning all public records…

[Medusa] Starting scan...
[DOJ Press] 0 records fetched.
[Medusa] DOJ Press (94 districts): 0 raw records
[DOJ] 13 records fetched.
[Medusa] DOJ / OVW / FBI: 13 raw records
[Wiki Homicides] CA: 23 relevant cases
[Wiki Homicides] IL: 15 relevant cases
[Wiki Homicides] MI: 10 relevant cases
[Wiki Homicides] MA: 0 relevant cases
[Wiki Homicides] WI: 9 relevant cases
[Wiki Homicides] OR: 4 relevant cases
[Wiki Homicides] NV: 6 relevant cases
[Wiki Homicides] TX: 0 relevant cases
[Wiki Homicides] FL: 0 relevant cases
[Wiki Homicides] NY: 0 relevant cases
[Wiki Homicides] OH: 0 relevant cases
[Wiki Homicides] GA: 0 relevant cases
[Wiki Homicides] PA: 0 relevant cases
[Wiki Homicides] NC: 0 relevant cases
[Wiki Homicides] AZ: 0 relevant cases
[Wiki Homicides] WA: 0 relevant cases
[Wiki Homicides] TN: 0 relevant cases
[Wiki Homicides] IN: 0 relevant cases
[Wiki Homicides] MO: 0 relevant cases
[Wiki Homicides] MD: 0 relevant cases
[Wiki Homicides] CO: 0 relevant cases
[Wiki Homicides] MN: 0 relevant cases
[Wiki Homicides] SC: 0 relevant cases
[Wiki Homicides] AL: 0 relevant cases
[Wiki Homicides] LA: 0 relevant cases
[Wiki Homicides] KY: 0 relevant cases
[Wiki Homicides] OK: 0 relevant cases
[Wiki Homicides] CT: 0 relevant cases
[Wiki Homicides] UT: 0 relevant cases
[Wiki Homicides] IA: 0 relevant cases
[Wiki Homicides] AR: 0 relevant cases
[Wiki Homicides] MS: 0 relevant cases
[Wiki Homicides] KS: 0 relevant cases
[Wiki Homicides] NM: 0 relevant cases
[Wiki Homicides] NE: 0 relevant cases
[Wiki Homicides] WV: 0 relevant cases
[Wiki Homicides] ID: 0 relevant cases
[Wiki Homicides] HI: 0 relevant cases
[Wiki Homicides] NH: 0 relevant cases
[Wiki Homicides] ME: 0 relevant cases
[Wiki Homicides] MT: 0 relevant cases
[Wiki Homicides] RI: 0 relevant cases
[Wiki Homicides] DE: 0 relevant cases
[Wiki Homicides] SD: 0 relevant cases
[Wiki Homicides] ND: 0 relevant cases
[Wiki Homicides] AK: 0 relevant cases
[Wiki Homicides] VT: 0 relevant cases
[Wiki Homicides] WY: 0 relevant cases
[Wiki Homicides] VA: 0 relevant cases
[Wiki Homicides] NJ: 0 relevant cases
[Wiki Homicides] 67 total records fetched.
[Medusa] Wiki Homicides: 67 raw records
[fetch] FAIL https://feeds.themarshallproject.org/marshall-project-stories: HTTPSConnectionPool(host='feeds.themarshallproject.org', port=443): Max retries exceeded with url: /marshall-project-stories (Caused by NameResolutionError("HTTPSConnection(host='feeds.themarshallproject.org', port=443): Failed to resolve 'feeds.themarshallproject.org' ([Errno 7] No address associated with hostname)"))
[Wire RSS] 2 records fetched.
[Medusa] AP News RSS: 2 raw records
[AG Press] Florida AG: 4 records
[AG Press] Georgia AG: 2 records
[AG Press] 6 total records fetched.
[Medusa] AG Press: 6 raw records
[CourtListener] 4 known documented-perpetrator cases loaded.
[CourtListener] 4 records fetched.
[Medusa] CourtListener: 4 raw records
[Marshall Project] 0 records.
[DOJ CEOS] 0 records.
[Medusa] Marshall Project: 0 raw records
[ProPublica/DOJ] 0 records fetched.
[Medusa] ProPublica / DOJ OVW: 0 raw records
[FBI CDE] 0 aggregate state records fetched.
[Medusa] FBI CDE: 0 raw records
[Medusa] Total raw records: 92
[Medusa] After normalization: 42 valid records
[Medusa] After dedup: 42 unique records
[Medusa] Geocoded 42 unique locations for 42 records.
[Medusa] Scan complete. 42 cases ready.
Traceback (most recent call last):
  File "/data/data/com.termux/files/home/medusa/main.py", line 43, in <module>
    if save_case(c):
       ^^^^^^^^^^^^
  File "/data/data/com.termux/files/home/medusa/medusa/database.py", line 107, in save_case
    session = get_session()
              ^^^^^^^^^^^^^
  File "/data/data/com.termux/files/home/medusa/medusa/database.py", line 93, in get_session
    engine = get_engine()
             ^^^^^^^^^^^^
  File "/data/data/com.termux/files/home/medusa/medusa/database.py", line 81, in get_engine
    raise RuntimeError("DATABASE_URL not set")
RuntimeError: DATABASE_URL not set
  [Medusa] DB warning: DATABASE_URL not set
  [Medusa] Scanning all public records…

[Medusa] Starting scan...
[DOJ Press] 2 records fetched.
[Medusa] DOJ Press (94 districts): 2 raw records
[DOJ] 15 records fetched.
[Medusa] DOJ / OVW / FBI: 15 raw records
[Wiki Homicides] CA: 23 relevant cases
[Wiki Homicides] IL: 15 relevant cases
[Wiki Homicides] MI: 10 relevant cases
[Wiki Homicides] MA: 0 relevant cases
[Wiki Homicides] WI: 9 relevant cases
[Wiki Homicides] OR: 4 relevant cases
[Wiki Homicides] NV: 6 relevant cases
[Wiki Homicides] TX: 0 relevant cases
[Wiki Homicides] FL: 0 relevant cases
[Wiki Homicides] NY: 0 relevant cases
[Wiki Homicides] OH: 0 relevant cases
[Wiki Homicides] GA: 0 relevant cases
[Wiki Homicides] PA: 0 relevant cases
[Wiki Homicides] NC: 0 relevant cases
[Wiki Homicides] AZ: 0 relevant cases
[Wiki Homicides] WA: 0 relevant cases
[Wiki Homicides] TN: 0 relevant cases
[Wiki Homicides] IN: 0 relevant cases
[Wiki Homicides] MO: 0 relevant cases
[Wiki Homicides] MD: 0 relevant cases
[Wiki Homicides] CO: 0 relevant cases
[Wiki Homicides] MN: 0 relevant cases
[Wiki Homicides] SC: 0 relevant cases
[Wiki Homicides] AL: 0 relevant cases
[Wiki Homicides] LA: 0 relevant cases
[Wiki Homicides] KY: 0 relevant cases
[Wiki Homicides] OK: 0 relevant cases
[Wiki Homicides] CT: 0 relevant cases
[Wiki Homicides] UT: 0 relevant cases
[Wiki Homicides] IA: 0 relevant cases
[Wiki Homicides] AR: 0 relevant cases
[Wiki Homicides] MS: 0 relevant cases
[Wiki Homicides] KS: 0 relevant cases
[Wiki Homicides] NM: 0 relevant cases
[Wiki Homicides] NE: 0 relevant cases
[Wiki Homicides] WV: 0 relevant cases
[Wiki Homicides] ID: 0 relevant cases
[Wiki Homicides] HI: 0 relevant cases
[Wiki Homicides] NH: 0 relevant cases
[Wiki Homicides] ME: 0 relevant cases
[Wiki Homicides] MT: 0 relevant cases
[Wiki Homicides] RI: 0 relevant cases
[Wiki Homicides] DE: 0 relevant cases
[Wiki Homicides] SD: 0 relevant cases
[Wiki Homicides] ND: 0 relevant cases
[Wiki Homicides] AK: 0 relevant cases
[Wiki Homicides] VT: 0 relevant cases
[Wiki Homicides] WY: 0 relevant cases
[Wiki Homicides] VA: 0 relevant cases
[Wiki Homicides] NJ: 0 relevant cases
[Wiki Homicides] 67 total records fetched.
[Medusa] Wiki Homicides: 67 raw records
[fetch] FAIL https://feeds.themarshallproject.org/marshall-project-stories: HTTPSConnectionPool(host='feeds.themarshallproject.org', port=443): Max retries exceeded with url: /marshall-project-stories (Caused by NameResolutionError("HTTPSConnection(host='feeds.themarshallproject.org', port=443): Failed to resolve 'feeds.themarshallproject.org' ([Errno 7] No address associated with hostname)"))
[Wire RSS] 1 records fetched.
[Medusa] AP News RSS: 1 raw records
[AG Press] Florida AG: 4 records
[AG Press] Georgia AG: 2 records
[AG Press] 6 total records fetched.
[Medusa] AG Press: 6 raw records
[CourtListener] 4 known documented-perpetrator cases loaded.
[CourtListener] 4 records fetched.
[Medusa] CourtListener: 4 raw records
[Marshall Project] 0 records.
[DOJ CEOS] 0 records.
[Medusa] Marshall Project: 0 raw records
[ProPublica/DOJ] 1 records fetched.
[Medusa] ProPublica / DOJ OVW: 1 raw records
[FBI CDE] 0 aggregate state records fetched.
[Medusa] FBI CDE: 0 raw records
[Medusa] Total raw records: 96
[Medusa] After normalization: 46 valid records
[Medusa] After dedup: 46 unique records
[Medusa] Geocoded 46 unique locations for 46 records.
[Medusa] Scan complete. 46 cases ready.
Traceback (most recent call last):
  File "/data/data/com.termux/files/home/medusa/main.py", line 43, in <module>
    if save_case(c):
       ^^^^^^^^^^^^
  File "/data/data/com.termux/files/home/medusa/medusa/database.py", line 107, in save_case
    session = get_session()
              ^^^^^^^^^^^^^
  File "/data/data/com.termux/files/home/medusa/medusa/database.py", line 93, in get_session
    engine = get_engine()
             ^^^^^^^^^^^^
  File "/data/data/com.termux/files/home/medusa/medusa/database.py", line 81, in get_engine
    raise RuntimeError("DATABASE_URL not set")
RuntimeError: DATABASE_URL not set
  [Medusa] DB warning: DATABASE_URL not set
  [Medusa] Scanning all public records…

[Medusa] Starting scan...
[fetch] FAIL https://www.justice.gov/news/rss: HTTPSConnectionPool(host='www.justice.gov', port=443): Max retries exceeded with url: /news/rss (Caused by NameResolutionError("HTTPSConnection(host='www.justice.gov', port=443): Failed to resolve 'www.justice.gov' ([Errno 7] No address associated with hostname)"))
[DOJ Press] 0 records fetched.
[Medusa] DOJ Press (94 districts): 0 raw records
[fetch] FAIL https://www.justice.gov/news/rss: HTTPSConnectionPool(host='www.justice.gov', port=443): Max retries exceeded with url: /news/rss (Caused by NameResolutionError("HTTPSConnection(host='www.justice.gov', port=443): Failed to resolve 'www.justice.gov' ([Errno 7] No address associated with hostname)"))
[fetch] FAIL https://www.fbi.gov/feeds/fbi-in-the-news/rss.xml: HTTPSConnectionPool(host='www.fbi.gov', port=443): Max retries exceeded with url: /feeds/fbi-in-the-news/rss.xml (Caused by NameResolutionError("HTTPSConnection(host='www.fbi.gov', port=443): Failed to resolve 'www.fbi.gov' ([Errno 7] No address associated with hostname)"))
[DOJ] 0 records fetched.
[Medusa] DOJ / OVW / FBI: 0 raw records
[Wiki Homicides] CA error: HTTPSConnectionPool(host='en.wikipedia.org', port=443): Max retries exceeded with url: /w/api.php?action=parse&page=List+of+homicides+in+California&prop=wikitext&format=json (Caused by NameResolutionError("HTTPSConnection(host='en.wikipedia.org', port=443): Failed to resolve 'en.wikipedia.org' ([Errno 7] No address associated with hostname)"))
[Wiki Homicides] IL error: HTTPSConnectionPool(host='en.wikipedia.org', port=443): Max retries exceeded with url: /w/api.php?action=parse&page=List+of+homicides+in+Illinois&prop=wikitext&format=json (Caused by NameResolutionError("HTTPSConnection(host='en.wikipedia.org', port=443): Failed to resolve 'en.wikipedia.org' ([Errno 7] No address associated with hostname)"))
[Wiki Homicides] MI error: HTTPSConnectionPool(host='en.wikipedia.org', port=443): Max retries exceeded with url: /w/api.php?action=parse&page=List+of+homicides+in+Michigan&prop=wikitext&format=json (Caused by NameResolutionError("HTTPSConnection(host='en.wikipedia.org', port=443): Failed to resolve 'en.wikipedia.org' ([Errno 7] No address associated with hostname)"))
[Wiki Homicides] MA error: HTTPSConnectionPool(host='en.wikipedia.org', port=443): Max retries exceeded with url: /w/api.php?action=parse&page=List+of+homicides+in+Massachusetts&prop=wikitext&format=json (Caused by NameResolutionError("HTTPSConnection(host='en.wikipedia.org', port=443): Failed to resolve 'en.wikipedia.org' ([Errno 7] No address associated with hostname)"))
[Wiki Homicides] WI error: HTTPSConnectionPool(host='en.wikipedia.org', port=443): Max retries exceeded with url: /w/api.php?action=parse&page=List+of+homicides+in+Wisconsin&prop=wikitext&format=json (Caused by NameResolutionError("HTTPSConnection(host='en.wikipedia.org', port=443): Failed to resolve 'en.wikipedia.org' ([Errno 7] No address associated with hostname)"))
[Wiki Homicides] OR error: HTTPSConnectionPool(host='en.wikipedia.org', port=443): Max retries exceeded with url: /w/api.php?action=parse&page=List+of+homicides+in+Oregon&prop=wikitext&format=json (Caused by NameResolutionError("HTTPSConnection(host='en.wikipedia.org', port=443): Failed to resolve 'en.wikipedia.org' ([Errno 7] No address associated with hostname)"))
[Wiki Homicides] NV error: HTTPSConnectionPool(host='en.wikipedia.org', port=443): Max retries exceeded with url: /w/api.php?action=parse&page=List+of+homicides+in+Nevada&prop=wikitext&format=json (Caused by NameResolutionError("HTTPSConnection(host='en.wikipedia.org', port=443): Failed to resolve 'en.wikipedia.org' ([Errno 7] No address associated with hostname)"))
[Wiki Homicides] TX error: HTTPSConnectionPool(host='en.wikipedia.org', port=443): Max retries exceeded with url: /w/api.php?action=parse&page=List+of+homicides+in+Texas&prop=wikitext&format=json (Caused by NameResolutionError("HTTPSConnection(host='en.wikipedia.org', port=443): Failed to resolve 'en.wikipedia.org' ([Errno 7] No address associated with hostname)"))
[Wiki Homicides] FL error: HTTPSConnectionPool(host='en.wikipedia.org', port=443): Max retries exceeded with url: /w/api.php?action=parse&page=List+of+homicides+in+Florida&prop=wikitext&format=json (Caused by NameResolutionError("HTTPSConnection(host='en.wikipedia.org', port=443): Failed to resolve 'en.wikipedia.org' ([Errno 7] No address associated with hostname)"))
[Wiki Homicides] NY error: HTTPSConnectionPool(host='en.wikipedia.org', port=443): Max retries exceeded with url: /w/api.php?action=parse&page=List+of+homicides+in+New+York&prop=wikitext&format=json (Caused by NameResolutionError("HTTPSConnection(host='en.wikipedia.org', port=443): Failed to resolve 'en.wikipedia.org' ([Errno 7] No address associated with hostname)"))
[Wiki Homicides] OH error: HTTPSConnectionPool(host='en.wikipedia.org', port=443): Max retries exceeded with url: /w/api.php?action=parse&page=List+of+homicides+in+Ohio&prop=wikitext&format=json (Caused by NameResolutionError("HTTPSConnection(host='en.wikipedia.org', port=443): Failed to resolve 'en.wikipedia.org' ([Errno 7] No address associated with hostname)"))
[Wiki Homicides] GA error: HTTPSConnectionPool(host='en.wikipedia.org', port=443): Max retries exceeded with url: /w/api.php?action=parse&page=List+of+homicides+in+Georgia&prop=wikitext&format=json (Caused by NameResolutionError("HTTPSConnection(host='en.wikipedia.org', port=443): Failed to resolve 'en.wikipedia.org' ([Errno 7] No address associated with hostname)"))
[Wiki Homicides] PA error: HTTPSConnectionPool(host='en.wikipedia.org', port=443): Max retries exceeded with url: /w/api.php?action=parse&page=List+of+homicides+in+Pennsylvania&prop=wikitext&format=json (Caused by NameResolutionError("HTTPSConnection(host='en.wikipedia.org', port=443): Failed to resolve 'en.wikipedia.org' ([Errno 7] No address associated with hostname)"))
[Wiki Homicides] NC error: HTTPSConnectionPool(host='en.wikipedia.org', port=443): Max retries exceeded with url: /w/api.php?action=parse&page=List+of+homicides+in+North+Carolina&prop=wikitext&format=json (Caused by NameResolutionError("HTTPSConnection(host='en.wikipedia.org', port=443): Failed to resolve 'en.wikipedia.org' ([Errno 7] No address associated with hostname)"))
[Wiki Homicides] AZ error: HTTPSConnectionPool(host='en.wikipedia.org', port=443): Max retries exceeded with url: /w/api.php?action=parse&page=List+of+homicides+in+Arizona&prop=wikitext&format=json (Caused by NameResolutionError("HTTPSConnection(host='en.wikipedia.org', port=443): Failed to resolve 'en.wikipedia.org' ([Errno 7] No address associated with hostname)"))
[Wiki Homicides] WA error: HTTPSConnectionPool(host='en.wikipedia.org', port=443): Max retries exceeded with url: /w/api.php?action=parse&page=List+of+homicides+in+Washington&prop=wikitext&format=json (Caused by NameResolutionError("HTTPSConnection(host='en.wikipedia.org', port=443): Failed to resolve 'en.wikipedia.org' ([Errno 7] No address associated with hostname)"))
[Wiki Homicides] TN error: HTTPSConnectionPool(host='en.wikipedia.org', port=443): Max retries exceeded with url: /w/api.php?action=parse&page=List+of+homicides+in+Tennessee&prop=wikitext&format=json (Caused by NameResolutionError("HTTPSConnection(host='en.wikipedia.org', port=443): Failed to resolve 'en.wikipedia.org' ([Errno 7] No address associated with hostname)"))
[Wiki Homicides] IN error: HTTPSConnectionPool(host='en.wikipedia.org', port=443): Max retries exceeded with url: /w/api.php?action=parse&page=List+of+homicides+in+Indiana&prop=wikitext&format=json (Caused by NameResolutionError("HTTPSConnection(host='en.wikipedia.org', port=443): Failed to resolve 'en.wikipedia.org' ([Errno 7] No address associated with hostname)"))
[Wiki Homicides] MO error: HTTPSConnectionPool(host='en.wikipedia.org', port=443): Max retries exceeded with url: /w/api.php?action=parse&page=List+of+homicides+in+Missouri&prop=wikitext&format=json (Caused by NameResolutionError("HTTPSConnection(host='en.wikipedia.org', port=443): Failed to resolve 'en.wikipedia.org' ([Errno 7] No address associated with hostname)"))
[Wiki Homicides] MD error: HTTPSConnectionPool(host='en.wikipedia.org', port=443): Max retries exceeded with url: /w/api.php?action=parse&page=List+of+homicides+in+Maryland&prop=wikitext&format=json (Caused by NameResolutionError("HTTPSConnection(host='en.wikipedia.org', port=443): Failed to resolve 'en.wikipedia.org' ([Errno 7] No address associated with hostname)"))
[Wiki Homicides] CO error: HTTPSConnectionPool(host='en.wikipedia.org', port=443): Max retries exceeded with url: /w/api.php?action=parse&page=List+of+homicides+in+Colorado&prop=wikitext&format=json (Caused by NameResolutionError("HTTPSConnection(host='en.wikipedia.org', port=443): Failed to resolve 'en.wikipedia.org' ([Errno 7] No address associated with hostname)"))
[Wiki Homicides] MN error: HTTPSConnectionPool(host='en.wikipedia.org', port=443): Max retries exceeded with url: /w/api.php?action=parse&page=List+of+homicides+in+Minnesota&prop=wikitext&format=json (Caused by NameResolutionError("HTTPSConnection(host='en.wikipedia.org', port=443): Failed to resolve 'en.wikipedia.org' ([Errno 7] No address associated with hostname)"))
[Wiki Homicides] SC error: HTTPSConnectionPool(host='en.wikipedia.org', port=443): Max retries exceeded with url: /w/api.php?action=parse&page=List+of+homicides+in+South+Carolina&prop=wikitext&format=json (Caused by NameResolutionError("HTTPSConnection(host='en.wikipedia.org', port=443): Failed to resolve 'en.wikipedia.org' ([Errno 7] No address associated with hostname)"))
[Wiki Homicides] AL error: HTTPSConnectionPool(host='en.wikipedia.org', port=443): Max retries exceeded with url: /w/api.php?action=parse&page=List+of+homicides+in+Alabama&prop=wikitext&format=json (Caused by NameResolutionError("HTTPSConnection(host='en.wikipedia.org', port=443): Failed to resolve 'en.wikipedia.org' ([Errno 7] No address associated with hostname)"))
[Wiki Homicides] LA error: HTTPSConnectionPool(host='en.wikipedia.org', port=443): Max retries exceeded with url: /w/api.php?action=parse&page=List+of+homicides+in+Louisiana&prop=wikitext&format=json (Caused by NameResolutionError("HTTPSConnection(host='en.wikipedia.org', port=443): Failed to resolve 'en.wikipedia.org' ([Errno 7] No address associated with hostname)"))
[Wiki Homicides] KY error: HTTPSConnectionPool(host='en.wikipedia.org', port=443): Max retries exceeded with url: /w/api.php?action=parse&page=List+of+homicides+in+Kentucky&prop=wikitext&format=json (Caused by NameResolutionError("HTTPSConnection(host='en.wikipedia.org', port=443): Failed to resolve 'en.wikipedia.org' ([Errno 7] No address associated with hostname)"))
[Wiki Homicides] OK error: HTTPSConnectionPool(host='en.wikipedia.org', port=443): Max retries exceeded with url: /w/api.php?action=parse&page=List+of+homicides+in+Oklahoma&prop=wikitext&format=json (Caused by NameResolutionError("HTTPSConnection(host='en.wikipedia.org', port=443): Failed to resolve 'en.wikipedia.org' ([Errno 7] No address associated with hostname)"))
[Wiki Homicides] CT error: HTTPSConnectionPool(host='en.wikipedia.org', port=443): Max retries exceeded with url: /w/api.php?action=parse&page=List+of+homicides+in+Connecticut&prop=wikitext&format=json (Caused by NameResolutionError("HTTPSConnection(host='en.wikipedia.org', port=443): Failed to resolve 'en.wikipedia.org' ([Errno 7] No address associated with hostname)"))
[Wiki Homicides] UT error: HTTPSConnectionPool(host='en.wikipedia.org', port=443): Max retries exceeded with url: /w/api.php?action=parse&page=List+of+homicides+in+Utah&prop=wikitext&format=json (Caused by NameResolutionError("HTTPSConnection(host='en.wikipedia.org', port=443): Failed to resolve 'en.wikipedia.org' ([Errno 7] No address associated with hostname)"))
[Wiki Homicides] IA error: HTTPSConnectionPool(host='en.wikipedia.org', port=443): Max retries exceeded with url: /w/api.php?action=parse&page=List+of+homicides+in+Iowa&prop=wikitext&format=json (Caused by NameResolutionError("HTTPSConnection(host='en.wikipedia.org', port=443): Failed to resolve 'en.wikipedia.org' ([Errno 7] No address associated with hostname)"))
[Wiki Homicides] AR error: HTTPSConnectionPool(host='en.wikipedia.org', port=443): Max retries exceeded with url: /w/api.php?action=parse&page=List+of+homicides+in+Arkansas&prop=wikitext&format=json (Caused by NameResolutionError("HTTPSConnection(host='en.wikipedia.org', port=443): Failed to resolve 'en.wikipedia.org' ([Errno 7] No address associated with hostname)"))
[Wiki Homicides] MS error: HTTPSConnectionPool(host='en.wikipedia.org', port=443): Max retries exceeded with url: /w/api.php?action=parse&page=List+of+homicides+in+Mississippi&prop=wikitext&format=json (Caused by NameResolutionError("HTTPSConnection(host='en.wikipedia.org', port=443): Failed to resolve 'en.wikipedia.org' ([Errno 7] No address associated with hostname)"))
[Wiki Homicides] KS error: HTTPSConnectionPool(host='en.wikipedia.org', port=443): Max retries exceeded with url: /w/api.php?action=parse&page=List+of+homicides+in+Kansas&prop=wikitext&format=json (Caused by NameResolutionError("HTTPSConnection(host='en.wikipedia.org', port=443): Failed to resolve 'en.wikipedia.org' ([Errno 7] No address associated with hostname)"))
[Wiki Homicides] NM error: HTTPSConnectionPool(host='en.wikipedia.org', port=443): Max retries exceeded with url: /w/api.php?action=parse&page=List+of+homicides+in+New+Mexico&prop=wikitext&format=json (Caused by NameResolutionError("HTTPSConnection(host='en.wikipedia.org', port=443): Failed to resolve 'en.wikipedia.org' ([Errno 7] No address associated with hostname)"))
[Wiki Homicides] NE error: HTTPSConnectionPool(host='en.wikipedia.org', port=443): Max retries exceeded with url: /w/api.php?action=parse&page=List+of+homicides+in+Nebraska&prop=wikitext&format=json (Caused by NameResolutionError("HTTPSConnection(host='en.wikipedia.org', port=443): Failed to resolve 'en.wikipedia.org' ([Errno 7] No address associated with hostname)"))
[Wiki Homicides] WV error: HTTPSConnectionPool(host='en.wikipedia.org', port=443): Max retries exceeded with url: /w/api.php?action=parse&page=List+of+homicides+in+West+Virginia&prop=wikitext&format=json (Caused by NameResolutionError("HTTPSConnection(host='en.wikipedia.org', port=443): Failed to resolve 'en.wikipedia.org' ([Errno 7] No address associated with hostname)"))
[Wiki Homicides] ID error: HTTPSConnectionPool(host='en.wikipedia.org', port=443): Max retries exceeded with url: /w/api.php?action=parse&page=List+of+homicides+in+Idaho&prop=wikitext&format=json (Caused by NameResolutionError("HTTPSConnection(host='en.wikipedia.org', port=443): Failed to resolve 'en.wikipedia.org' ([Errno 7] No address associated with hostname)"))
[Wiki Homicides] HI error: HTTPSConnectionPool(host='en.wikipedia.org', port=443): Max retries exceeded with url: /w/api.php?action=parse&page=List+of+homicides+in+Hawaii&prop=wikitext&format=json (Caused by NameResolutionError("HTTPSConnection(host='en.wikipedia.org', port=443): Failed to resolve 'en.wikipedia.org' ([Errno 7] No address associated with hostname)"))
[Wiki Homicides] NH error: HTTPSConnectionPool(host='en.wikipedia.org', port=443): Max retries exceeded with url: /w/api.php?action=parse&page=List+of+homicides+in+New+Hampshire&prop=wikitext&format=json (Caused by NameResolutionError("HTTPSConnection(host='en.wikipedia.org', port=443): Failed to resolve 'en.wikipedia.org' ([Errno 7] No address associated with hostname)"))
[Wiki Homicides] ME error: HTTPSConnectionPool(host='en.wikipedia.org', port=443): Max retries exceeded with url: /w/api.php?action=parse&page=List+of+homicides+in+Maine&prop=wikitext&format=json (Caused by NameResolutionError("HTTPSConnection(host='en.wikipedia.org', port=443): Failed to resolve 'en.wikipedia.org' ([Errno 7] No address associated with hostname)"))
[Wiki Homicides] MT error: HTTPSConnectionPool(host='en.wikipedia.org', port=443): Max retries exceeded with url: /w/api.php?action=parse&page=List+of+homicides+in+Montana&prop=wikitext&format=json (Caused by NameResolutionError("HTTPSConnection(host='en.wikipedia.org', port=443): Failed to resolve 'en.wikipedia.org' ([Errno 7] No address associated with hostname)"))
[Wiki Homicides] RI error: HTTPSConnectionPool(host='en.wikipedia.org', port=443): Max retries exceeded with url: /w/api.php?action=parse&page=List+of+homicides+in+Rhode+Island&prop=wikitext&format=json (Caused by NameResolutionError("HTTPSConnection(host='en.wikipedia.org', port=443): Failed to resolve 'en.wikipedia.org' ([Errno 7] No address associated with hostname)"))
[Wiki Homicides] DE error: HTTPSConnectionPool(host='en.wikipedia.org', port=443): Max retries exceeded with url: /w/api.php?action=parse&page=List+of+homicides+in+Delaware&prop=wikitext&format=json (Caused by NameResolutionError("HTTPSConnection(host='en.wikipedia.org', port=443): Failed to resolve 'en.wikipedia.org' ([Errno 7] No address associated with hostname)"))
[Wiki Homicides] SD error: HTTPSConnectionPool(host='en.wikipedia.org', port=443): Max retries exceeded with url: /w/api.php?action=parse&page=List+of+homicides+in+South+Dakota&prop=wikitext&format=json (Caused by NameResolutionError("HTTPSConnection(host='en.wikipedia.org', port=443): Failed to resolve 'en.wikipedia.org' ([Errno 7] No address associated with hostname)"))
[Wiki Homicides] ND error: HTTPSConnectionPool(host='en.wikipedia.org', port=443): Max retries exceeded with url: /w/api.php?action=parse&page=List+of+homicides+in+North+Dakota&prop=wikitext&format=json (Caused by NameResolutionError("HTTPSConnection(host='en.wikipedia.org', port=443): Failed to resolve 'en.wikipedia.org' ([Errno 7] No address associated with hostname)"))
[Wiki Homicides] AK error: HTTPSConnectionPool(host='en.wikipedia.org', port=443): Max retries exceeded with url: /w/api.php?action=parse&page=List+of+homicides+in+Alaska&prop=wikitext&format=json (Caused by NameResolutionError("HTTPSConnection(host='en.wikipedia.org', port=443): Failed to resolve 'en.wikipedia.org' ([Errno 7] No address associated with hostname)"))
[Wiki Homicides] VT error: HTTPSConnectionPool(host='en.wikipedia.org', port=443): Max retries exceeded with url: /w/api.php?action=parse&page=List+of+homicides+in+Vermont&prop=wikitext&format=json (Caused by NameResolutionError("HTTPSConnection(host='en.wikipedia.org', port=443): Failed to resolve 'en.wikipedia.org' ([Errno 7] No address associated with hostname)"))
[Wiki Homicides] WY error: HTTPSConnectionPool(host='en.wikipedia.org', port=443): Max retries exceeded with url: /w/api.php?action=parse&page=List+of+homicides+in+Wyoming&prop=wikitext&format=json (Caused by NameResolutionError("HTTPSConnection(host='en.wikipedia.org', port=443): Failed to resolve 'en.wikipedia.org' ([Errno 7] No address associated with hostname)"))
[Wiki Homicides] VA error: HTTPSConnectionPool(host='en.wikipedia.org', port=443): Max retries exceeded with url: /w/api.php?action=parse&page=List+of+homicides+in+Virginia&prop=wikitext&format=json (Caused by NameResolutionError("HTTPSConnection(host='en.wikipedia.org', port=443): Failed to resolve 'en.wikipedia.org' ([Errno 7] No address associated with hostname)"))
[Wiki Homicides] NJ error: HTTPSConnectionPool(host='en.wikipedia.org', port=443): Max retries exceeded with url: /w/api.php?action=parse&page=List+of+homicides+in+New+Jersey&prop=wikitext&format=json (Caused by NameResolutionError("HTTPSConnection(host='en.wikipedia.org', port=443): Failed to resolve 'en.wikipedia.org' ([Errno 7] No address associated with hostname)"))
[Wiki Homicides] 0 total records fetched.
[Medusa] Wiki Homicides: 0 raw records
[fetch] FAIL https://rss.nytimes.com/services/xml/rss/nyt/US.xml: HTTPSConnectionPool(host='rss.nytimes.com', port=443): Max retries exceeded with url: /services/xml/rss/nyt/US.xml (Caused by NameResolutionError("HTTPSConnection(host='rss.nytimes.com', port=443): Failed to resolve 'rss.nytimes.com' ([Errno 7] No address associated with hostname)"))
[fetch] FAIL https://rss.nytimes.com/services/xml/rss/nyt/Crime.xml: HTTPSConnectionPool(host='rss.nytimes.com', port=443): Max retries exceeded with url: /services/xml/rss/nyt/Crime.xml (Caused by NameResolutionError("HTTPSConnection(host='rss.nytimes.com', port=443): Failed to resolve 'rss.nytimes.com' ([Errno 7] No address associated with hostname)"))
[fetch] FAIL https://feeds.npr.org/1001/rss.xml: HTTPSConnectionPool(host='feeds.npr.org', port=443): Max retries exceeded with url: /1001/rss.xml (Caused by NameResolutionError("HTTPSConnection(host='feeds.npr.org', port=443): Failed to resolve 'feeds.npr.org' ([Errno 7] No address associated with hostname)"))
[fetch] FAIL https://feeds.npr.org/1057/rss.xml: HTTPSConnectionPool(host='feeds.npr.org', port=443): Max retries exceeded with url: /1057/rss.xml (Caused by NameResolutionError("HTTPSConnection(host='feeds.npr.org', port=443): Failed to resolve 'feeds.npr.org' ([Errno 7] No address associated with hostname)"))
[fetch] FAIL https://www.theguardian.com/us-news/rss: HTTPSConnectionPool(host='www.theguardian.com', port=443): Max retries exceeded with url: /us-news/rss (Caused by NameResolutionError("HTTPSConnection(host='www.theguardian.com', port=443): Failed to resolve 'www.theguardian.com' ([Errno 7] No address associated with hostname)"))
[fetch] FAIL https://www.theguardian.com/society/domestic-violence/rss: HTTPSConnectionPool(host='www.theguardian.com', port=443): Max retries exceeded with url: /society/domestic-violence/rss (Caused by NameResolutionError("HTTPSConnection(host='www.theguardian.com', port=443): Failed to resolve 'www.theguardian.com' ([Errno 7] No address associated with hostname)"))
[fetch] FAIL https://www.propublica.org/feeds/propublica/main: HTTPSConnectionPool(host='www.propublica.org', port=443): Max retries exceeded with url: /feeds/propublica/main (Caused by NameResolutionError("HTTPSConnection(host='www.propublica.org', port=443): Failed to resolve 'www.propublica.org' ([Errno 7] No address associated with hostname)"))
[fetch] FAIL https://feeds.themarshallproject.org/marshall-project-stories: HTTPSConnectionPool(host='feeds.themarshallproject.org', port=443): Max retries exceeded with url: /marshall-project-stories (Caused by NameResolutionError("HTTPSConnection(host='feeds.themarshallproject.org', port=443): Failed to resolve 'feeds.themarshallproject.org' ([Errno 7] No address associated with hostname)"))
[Wire RSS] 0 records fetched.
[Medusa] AP News RSS: 0 raw records
[fetch] FAIL https://myfloridalegal.com/rss.xml: HTTPSConnectionPool(host='myfloridalegal.com', port=443): Max retries exceeded with url: /rss.xml (Caused by NameResolutionError("HTTPSConnection(host='myfloridalegal.com', port=443): Failed to resolve 'myfloridalegal.com' ([Errno 7] No address associated with hostname)"))
[fetch] FAIL https://www.azag.gov/rss.xml: HTTPSConnectionPool(host='www.azag.gov', port=443): Max retries exceeded with url: /rss.xml (Caused by NameResolutionError("HTTPSConnection(host='www.azag.gov', port=443): Failed to resolve 'www.azag.gov' ([Errno 7] No address associated with hostname)"))
[fetch] FAIL https://law.georgia.gov/rss.xml: HTTPSConnectionPool(host='law.georgia.gov', port=443): Max retries exceeded with url: /rss.xml (Caused by NameResolutionError("HTTPSConnection(host='law.georgia.gov', port=443): Failed to resolve 'law.georgia.gov' ([Errno 7] No address associated with hostname)"))
[fetch] FAIL https://oag.ca.gov/rss.xml: HTTPSConnectionPool(host='oag.ca.gov', port=443): Max retries exceeded with url: /rss.xml (Caused by NameResolutionError("HTTPSConnection(host='oag.ca.gov', port=443): Failed to resolve 'oag.ca.gov' ([Errno 7] No address associated with hostname)"))
[fetch] FAIL https://coag.gov/press-releases/feed/: HTTPSConnectionPool(host='coag.gov', port=443): Max retries exceeded with url: /press-releases/feed/ (Caused by NameResolutionError("HTTPSConnection(host='coag.gov', port=443): Failed to resolve 'coag.gov' ([Errno 7] No address associated with hostname)"))
[fetch] FAIL https://ncdoj.gov/feed/: HTTPSConnectionPool(host='ncdoj.gov', port=443): Max retries exceeded with url: /feed/ (Caused by NameResolutionError("HTTPSConnection(host='ncdoj.gov', port=443): Failed to resolve 'ncdoj.gov' ([Errno 7] No address associated with hostname)"))
[fetch] FAIL https://ago.mo.gov/feed/: HTTPSConnectionPool(host='ago.mo.gov', port=443): Max retries exceeded with url: /feed/ (Caused by NameResolutionError("HTTPSConnection(host='ago.mo.gov', port=443): Failed to resolve 'ago.mo.gov' ([Errno 7] No address associated with hostname)"))
[AG Press] 0 total records fetched.
[Medusa] AG Press: 0 raw records
[fetch] FAIL https://www.courtlistener.com/api/rest/v4/dockets/: HTTPSConnectionPool(host='www.courtlistener.com', port=443): Max retries exceeded with url: /api/rest/v4/dockets/?q=domestic+violence+assault+intimate+partner&court_type=fd&order_by=date_filed&page_size=20 (Caused by NameResolutionError("HTTPSConnection(host='www.courtlistener.com', port=443): Failed to resolve 'www.courtlistener.com' ([Errno 7] No address associated with hostname)"))
[fetch] FAIL https://www.courtlistener.com/api/rest/v4/dockets/: HTTPSConnectionPool(host='www.courtlistener.com', port=443): Max retries exceeded with url: /api/rest/v4/dockets/?q=sexual+assault+rape+conviction+sentence&court_type=fd&order_by=date_filed&page_size=20 (Caused by NameResolutionError("HTTPSConnection(host='www.courtlistener.com', port=443): Failed to resolve 'www.courtlistener.com' ([Errno 7] No address associated with hostname)"))
[fetch] FAIL https://www.courtlistener.com/api/rest/v4/dockets/: HTTPSConnectionPool(host='www.courtlistener.com', port=443): Max retries exceeded with url: /api/rest/v4/dockets/?q=stalking+harassment+restraining+order+violation&court_type=fd&order_by=date_filed&page_size=20 (Caused by NameResolutionError("HTTPSConnection(host='www.courtlistener.com', port=443): Failed to resolve 'www.courtlistener.com' ([Errno 7] No address associated with hostname)"))
[fetch] FAIL https://www.courtlistener.com/api/rest/v4/dockets/: HTTPSConnectionPool(host='www.courtlistener.com', port=443): Max retries exceeded with url: /api/rest/v4/dockets/?q=femicide+murder+intimate+partner+women&court_type=fd&order_by=date_filed&page_size=20 (Caused by NameResolutionError("HTTPSConnection(host='www.courtlistener.com', port=443): Failed to resolve 'www.courtlistener.com' ([Errno 7] No address associated with hostname)"))
[fetch] FAIL https://www.courtlistener.com/api/rest/v4/dockets/: HTTPSConnectionPool(host='www.courtlistener.com', port=443): Max retries exceeded with url: /api/rest/v4/dockets/?q=sex+trafficking+women+forced+prostitution&court_type=fd&order_by=date_filed&page_size=20 (Caused by NameResolutionError("HTTPSConnection(host='www.courtlistener.com', port=443): Failed to resolve 'www.courtlistener.com' ([Errno 7] No address associated with hostname)"))
[fetch] FAIL https://www.courtlistener.com/api/rest/v4/dockets/: HTTPSConnectionPool(host='www.courtlistener.com', port=443): Max retries exceeded with url: /api/rest/v4/dockets/?q=attempted+murder+girlfriend+wife+assault&court_type=fd&order_by=date_filed&page_size=20 (Caused by NameResolutionError("HTTPSConnection(host='www.courtlistener.com', port=443): Failed to resolve 'www.courtlistener.com' ([Errno 7] No address associated with hostname)"))
[fetch] FAIL https://www.courtlistener.com/api/rest/v4/dockets/: HTTPSConnectionPool(host='www.courtlistener.com', port=443): Max retries exceeded with url: /api/rest/v4/dockets/?q=sexual+abuse+minor+child+molestation&court_type=fd&order_by=date_filed&page_size=20 (Caused by NameResolutionError("HTTPSConnection(host='www.courtlistener.com', port=443): Failed to resolve 'www.courtlistener.com' ([Errno 7] No address associated with hostname)"))
[fetch] FAIL https://www.courtlistener.com/api/rest/v4/dockets/: HTTPSConnectionPool(host='www.courtlistener.com', port=443): Max retries exceeded with url: /api/rest/v4/dockets/?q=rape+conviction+sentence+women&court_type=fd&order_by=date_filed&page_size=20 (Caused by NameResolutionError("HTTPSConnection(host='www.courtlistener.com', port=443): Failed to resolve 'www.courtlistener.com' ([Errno 7] No address associated with hostname)"))
[CourtListener] 4 known documented-perpetrator cases loaded.
[CourtListener] 4 records fetched.
[Medusa] CourtListener: 4 raw records
[fetch] FAIL https://www.themarshallproject.org/feeds/news.rss: HTTPSConnectionPool(host='www.themarshallproject.org', port=443): Max retries exceeded with url: /feeds/news.rss (Caused by NameResolutionError("HTTPSConnection(host='www.themarshallproject.org', port=443): Failed to resolve 'www.themarshallproject.org' ([Errno 7] No address associated with hostname)"))
[Marshall Project] 0 records.
[fetch] FAIL https://www.justice.gov/api/node/press_release: HTTPSConnectionPool(host='www.justice.gov', port=443): Max retries exceeded with url: /api/node/press_release?sort=-field_pr_date&page%5Blimit%5D=50&filter%5Bfield_pr_component.name%5D=Criminal+Division (Caused by NameResolutionError("HTTPSConnection(host='www.justice.gov', port=443): Failed to resolve 'www.justice.gov' ([Errno 7] No address associated with hostname)"))
[DOJ CEOS] 0 records.
[Medusa] Marshall Project: 0 raw records
[fetch] FAIL https://www.propublica.org/feeds/propublica/main: HTTPSConnectionPool(host='www.propublica.org', port=443): Max retries exceeded with url: /feeds/propublica/main (Caused by NameResolutionError("HTTPSConnection(host='www.propublica.org', port=443): Failed to resolve 'www.propublica.org' ([Errno 7] No address associated with hostname)"))
[fetch] FAIL https://feeds.propublica.org/propublica/main: HTTPSConnectionPool(host='feeds.propublica.org', port=443): Max retries exceeded with url: /propublica/main (Caused by NameResolutionError("HTTPSConnection(host='feeds.propublica.org', port=443): Failed to resolve 'feeds.propublica.org' ([Errno 7] No address associated with hostname)"))
[fetch] FAIL https://www.justice.gov/api/node/press_release: HTTPSConnectionPool(host='www.justice.gov', port=443): Max retries exceeded with url: /api/node/press_release?sort=-field_pr_date&page%5Blimit%5D=50&filter%5Bfield_pr_component.name%5D=Office+on+Violence+Against+Women (Caused by NameResolutionError("HTTPSConnection(host='www.justice.gov', port=443): Failed to resolve 'www.justice.gov' ([Errno 7] No address associated with hostname)"))
[ProPublica/DOJ] 0 records fetched.
[Medusa] ProPublica / DOJ OVW: 0 raw records
[fetch] FAIL https://ucr.fbi.gov/api/table/10/2022: HTTPSConnectionPool(host='ucr.fbi.gov', port=443): Max retries exceeded with url: /api/table/10/2022?api_key=iiHnOKfno2Mgkt5AynpvPpUQTEyxE77jo1RU8PIv&offense=rape (Caused by NameResolutionError("HTTPSConnection(host='ucr.fbi.gov', port=443): Failed to resolve 'ucr.fbi.gov' ([Errno 7] No address associated with hostname)"))
[fetch] FAIL https://cde.ucr.cjis.gov/LATEST/webapp/public/api/data/nibrs/sex-offenses/sex-of: HTTPSConnectionPool(host='cde.ucr.cjis.gov', port=443): Max retries exceeded with url: /LATEST/webapp/public/api/data/nibrs/sex-offenses/sex-offenses/count/states/offense/MA/2022/2022 (Caused by NameResolutionError("HTTPSConnection(host='cde.ucr.cjis.gov', port=443): Failed to resolve 'cde.ucr.cjis.gov' ([Errno 7] No address associated with hostname)"))
[fetch] FAIL https://cde.ucr.cjis.gov/LATEST/webapp/public/api/data/nibrs/sex-offenses/sex-of: HTTPSConnectionPool(host='cde.ucr.cjis.gov', port=443): Max retries exceeded with url: /LATEST/webapp/public/api/data/nibrs/sex-offenses/sex-offenses/count/states/offense/OK/2022/2022 (Caused by NameResolutionError("HTTPSConnection(host='cde.ucr.cjis.gov', port=443): Failed to resolve 'cde.ucr.cjis.gov' ([Errno 7] No address associated with hostname)"))
[fetch] FAIL https://cde.ucr.cjis.gov/LATEST/webapp/public/api/data/nibrs/sex-offenses/sex-of: HTTPSConnectionPool(host='cde.ucr.cjis.gov', port=443): Max retries exceeded with url: /LATEST/webapp/public/api/data/nibrs/sex-offenses/sex-offenses/count/states/offense/OH/2022/2022 (Caused by NameResolutionError("HTTPSConnection(host='cde.ucr.cjis.gov', port=443): Failed to resolve 'cde.ucr.cjis.gov' ([Errno 7] No address associated with hostname)"))
[fetch] FAIL https://cde.ucr.cjis.gov/LATEST/webapp/public/api/data/nibrs/sex-offenses/sex-of: HTTPSConnectionPool(host='cde.ucr.cjis.gov', port=443): Max retries exceeded with url: /LATEST/webapp/public/api/data/nibrs/sex-offenses/sex-offenses/count/states/offense/ME/2022/2022 (Caused by NameResolutionError("HTTPSConnection(host='cde.ucr.cjis.gov', port=443): Failed to resolve 'cde.ucr.cjis.gov' ([Errno 7] No address associated with hostname)"))
[fetch] FAIL https://cde.ucr.cjis.gov/LATEST/webapp/public/api/data/nibrs/sex-offenses/sex-of: HTTPSConnectionPool(host='cde.ucr.cjis.gov', port=443): Max retries exceeded with url: /LATEST/webapp/public/api/data/nibrs/sex-offenses/sex-offenses/count/states/offense/MD/2022/2022 (Caused by NameResolutionError("HTTPSConnection(host='cde.ucr.cjis.gov', port=443): Failed to resolve 'cde.ucr.cjis.gov' ([Errno 7] No address associated with hostname)"))
[fetch] FAIL https://cde.ucr.cjis.gov/LATEST/webapp/public/api/data/nibrs/sex-offenses/sex-of: HTTPSConnectionPool(host='cde.ucr.cjis.gov', port=443): Max retries exceeded with url: /LATEST/webapp/public/api/data/nibrs/sex-offenses/sex-offenses/count/national/2022/2022 (Caused by NameResolutionError("HTTPSConnection(host='cde.ucr.cjis.gov', port=443): Failed to resolve 'cde.ucr.cjis.gov' ([Errno 7] No address associated with hostname)"))
[fetch] FAIL https://ucr.fbi.gov/api/table/10/2022: HTTPSConnectionPool(host='ucr.fbi.gov', port=443): Max retries exceeded with url: /api/table/10/2022?api_key=iiHnOKfno2Mgkt5AynpvPpUQTEyxE77jo1RU8PIv&offense=aggravated-assault (Caused by NameResolutionError("HTTPSConnection(host='ucr.fbi.gov', port=443): Failed to resolve 'ucr.fbi.gov' ([Errno 7] No address associated with hostname)"))
[fetch] FAIL https://cde.ucr.cjis.gov/LATEST/webapp/public/api/data/nibrs/aggravated-assault/: HTTPSConnectionPool(host='cde.ucr.cjis.gov', port=443): Max retries exceeded with url: /LATEST/webapp/public/api/data/nibrs/aggravated-assault/aggravated-assault/count/states/offense/MA/2022/2022 (Caused by NameResolutionError("HTTPSConnection(host='cde.ucr.cjis.gov', port=443): Failed to resolve 'cde.ucr.cjis.gov' ([Errno 7] No address associated with hostname)"))
[fetch] FAIL https://cde.ucr.cjis.gov/LATEST/webapp/public/api/data/nibrs/aggravated-assault/: HTTPSConnectionPool(host='cde.ucr.cjis.gov', port=443): Max retries exceeded with url: /LATEST/webapp/public/api/data/nibrs/aggravated-assault/aggravated-assault/count/states/offense/OK/2022/2022 (Caused by NameResolutionError("HTTPSConnection(host='cde.ucr.cjis.gov', port=443): Failed to resolve 'cde.ucr.cjis.gov' ([Errno 7] No address associated with hostname)"))
[fetch] FAIL https://cde.ucr.cjis.gov/LATEST/webapp/public/api/data/nibrs/aggravated-assault/: HTTPSConnectionPool(host='cde.ucr.cjis.gov', port=443): Max retries exceeded with url: /LATEST/webapp/public/api/data/nibrs/aggravated-assault/aggravated-assault/count/states/offense/OH/2022/2022 (Caused by NameResolutionError("HTTPSConnection(host='cde.ucr.cjis.gov', port=443): Failed to resolve 'cde.ucr.cjis.gov' ([Errno 7] No address associated with hostname)"))
[fetch] FAIL https://cde.ucr.cjis.gov/LATEST/webapp/public/api/data/nibrs/aggravated-assault/: HTTPSConnectionPool(host='cde.ucr.cjis.gov', port=443): Max retries exceeded with url: /LATEST/webapp/public/api/data/nibrs/aggravated-assault/aggravated-assault/count/states/offense/ME/2022/2022 (Caused by NameResolutionError("HTTPSConnection(host='cde.ucr.cjis.gov', port=443): Failed to resolve 'cde.ucr.cjis.gov' ([Errno 7] No address associated with hostname)"))
[fetch] FAIL https://cde.ucr.cjis.gov/LATEST/webapp/public/api/data/nibrs/aggravated-assault/: HTTPSConnectionPool(host='cde.ucr.cjis.gov', port=443): Max retries exceeded with url: /LATEST/webapp/public/api/data/nibrs/aggravated-assault/aggravated-assault/count/states/offense/MD/2022/2022 (Caused by NameResolutionError("HTTPSConnection(host='cde.ucr.cjis.gov', port=443): Failed to resolve 'cde.ucr.cjis.gov' ([Errno 7] No address associated with hostname)"))
[fetch] FAIL https://cde.ucr.cjis.gov/LATEST/webapp/public/api/data/nibrs/aggravated-assault/: HTTPSConnectionPool(host='cde.ucr.cjis.gov', port=443): Max retries exceeded with url: /LATEST/webapp/public/api/data/nibrs/aggravated-assault/aggravated-assault/count/national/2022/2022 (Caused by NameResolutionError("HTTPSConnection(host='cde.ucr.cjis.gov', port=443): Failed to resolve 'cde.ucr.cjis.gov' ([Errno 7] No address associated with hostname)"))
[fetch] FAIL https://ucr.fbi.gov/api/table/10/2022: HTTPSConnectionPool(host='ucr.fbi.gov', port=443): Max retries exceeded with url: /api/table/10/2022?api_key=iiHnOKfno2Mgkt5AynpvPpUQTEyxE77jo1RU8PIv&offense=homicide (Caused by NameResolutionError("HTTPSConnection(host='ucr.fbi.gov', port=443): Failed to resolve 'ucr.fbi.gov' ([Errno 7] No address associated with hostname)"))
[fetch] FAIL https://cde.ucr.cjis.gov/LATEST/webapp/public/api/data/nibrs/homicide/homicide/c: HTTPSConnectionPool(host='cde.ucr.cjis.gov', port=443): Max retries exceeded with url: /LATEST/webapp/public/api/data/nibrs/homicide/homicide/count/states/offense/MA/2022/2022 (Caused by NameResolutionError("HTTPSConnection(host='cde.ucr.cjis.gov', port=443): Failed to resolve 'cde.ucr.cjis.gov' ([Errno 7] No address associated with hostname)"))
[fetch] FAIL https://cde.ucr.cjis.gov/LATEST/webapp/public/api/data/nibrs/homicide/homicide/c: HTTPSConnectionPool(host='cde.ucr.cjis.gov', port=443): Max retries exceeded with url: /LATEST/webapp/public/api/data/nibrs/homicide/homicide/count/states/offense/OK/2022/2022 (Caused by NameResolutionError("HTTPSConnection(host='cde.ucr.cjis.gov', port=443): Failed to resolve 'cde.ucr.cjis.gov' ([Errno 7] No address associated with hostname)"))
[fetch] FAIL https://cde.ucr.cjis.gov/LATEST/webapp/public/api/data/nibrs/homicide/homicide/c: HTTPSConnectionPool(host='cde.ucr.cjis.gov', port=443): Max retries exceeded with url: /LATEST/webapp/public/api/data/nibrs/homicide/homicide/count/states/offense/OH/2022/2022 (Caused by NameResolutionError("HTTPSConnection(host='cde.ucr.cjis.gov', port=443): Failed to resolve 'cde.ucr.cjis.gov' ([Errno 7] No address associated with hostname)"))
[fetch] FAIL https://cde.ucr.cjis.gov/LATEST/webapp/public/api/data/nibrs/homicide/homicide/c: HTTPSConnectionPool(host='cde.ucr.cjis.gov', port=443): Max retries exceeded with url: /LATEST/webapp/public/api/data/nibrs/homicide/homicide/count/states/offense/ME/2022/2022 (Caused by NameResolutionError("HTTPSConnection(host='cde.ucr.cjis.gov', port=443): Failed to resolve 'cde.ucr.cjis.gov' ([Errno 7] No address associated with hostname)"))
[fetch] FAIL https://cde.ucr.cjis.gov/LATEST/webapp/public/api/data/nibrs/homicide/homicide/c: HTTPSConnectionPool(host='cde.ucr.cjis.gov', port=443): Max retries exceeded with url: /LATEST/webapp/public/api/data/nibrs/homicide/homicide/count/states/offense/MD/2022/2022 (Caused by NameResolutionError("HTTPSConnection(host='cde.ucr.cjis.gov', port=443): Failed to resolve 'cde.ucr.cjis.gov' ([Errno 7] No address associated with hostname)"))
[fetch] FAIL https://cde.ucr.cjis.gov/LATEST/webapp/public/api/data/nibrs/homicide/homicide/c: HTTPSConnectionPool(host='cde.ucr.cjis.gov', port=443): Max retries exceeded with url: /LATEST/webapp/public/api/data/nibrs/homicide/homicide/count/national/2022/2022 (Caused by NameResolutionError("HTTPSConnection(host='cde.ucr.cjis.gov', port=443): Failed to resolve 'cde.ucr.cjis.gov' ([Errno 7] No address associated with hostname)"))
[fetch] FAIL https://ucr.fbi.gov/api/table/10/2022: HTTPSConnectionPool(host='ucr.fbi.gov', port=443): Max retries exceeded with url: /api/table/10/2022?api_key=iiHnOKfno2Mgkt5AynpvPpUQTEyxE77jo1RU8PIv&offense=human-trafficking (Caused by NameResolutionError("HTTPSConnection(host='ucr.fbi.gov', port=443): Failed to resolve 'ucr.fbi.gov' ([Errno 7] No address associated with hostname)"))
[fetch] FAIL https://cde.ucr.cjis.gov/LATEST/webapp/public/api/data/nibrs/human-trafficking/h: HTTPSConnectionPool(host='cde.ucr.cjis.gov', port=443): Max retries exceeded with url: /LATEST/webapp/public/api/data/nibrs/human-trafficking/human-trafficking/count/states/offense/MA/2022/2022 (Caused by NameResolutionError("HTTPSConnection(host='cde.ucr.cjis.gov', port=443): Failed to resolve 'cde.ucr.cjis.gov' ([Errno 7] No address associated with hostname)"))
[fetch] FAIL https://cde.ucr.cjis.gov/LATEST/webapp/public/api/data/nibrs/human-trafficking/h: HTTPSConnectionPool(host='cde.ucr.cjis.gov', port=443): Max retries exceeded with url: /LATEST/webapp/public/api/data/nibrs/human-trafficking/human-trafficking/count/states/offense/OK/2022/2022 (Caused by NameResolutionError("HTTPSConnection(host='cde.ucr.cjis.gov', port=443): Failed to resolve 'cde.ucr.cjis.gov' ([Errno 7] No address associated with hostname)"))
[fetch] FAIL https://cde.ucr.cjis.gov/LATEST/webapp/public/api/data/nibrs/human-trafficking/h: HTTPSConnectionPool(host='cde.ucr.cjis.gov', port=443): Max retries exceeded with url: /LATEST/webapp/public/api/data/nibrs/human-trafficking/human-trafficking/count/states/offense/OH/2022/2022 (Caused by NameResolutionError("HTTPSConnection(host='cde.ucr.cjis.gov', port=443): Failed to resolve 'cde.ucr.cjis.gov' ([Errno 7] No address associated with hostname)"))
[fetch] FAIL https://cde.ucr.cjis.gov/LATEST/webapp/public/api/data/nibrs/human-trafficking/h: HTTPSConnectionPool(host='cde.ucr.cjis.gov', port=443): Max retries exceeded with url: /LATEST/webapp/public/api/data/nibrs/human-trafficking/human-trafficking/count/states/offense/ME/2022/2022 (Caused by NameResolutionError("HTTPSConnection(host='cde.ucr.cjis.gov', port=443): Failed to resolve 'cde.ucr.cjis.gov' ([Errno 7] No address associated with hostname)"))
[fetch] FAIL https://cde.ucr.cjis.gov/LATEST/webapp/public/api/data/nibrs/human-trafficking/h: HTTPSConnectionPool(host='cde.ucr.cjis.gov', port=443): Max retries exceeded with url: /LATEST/webapp/public/api/data/nibrs/human-trafficking/human-trafficking/count/states/offense/MD/2022/2022 (Caused by NameResolutionError("HTTPSConnection(host='cde.ucr.cjis.gov', port=443): Failed to resolve 'cde.ucr.cjis.gov' ([Errno 7] No address associated with hostname)"))
[fetch] FAIL https://cde.ucr.cjis.gov/LATEST/webapp/public/api/data/nibrs/human-trafficking/h: HTTPSConnectionPool(host='cde.ucr.cjis.gov', port=443): Max retries exceeded with url: /LATEST/webapp/public/api/data/nibrs/human-trafficking/human-trafficking/count/national/2022/2022 (Caused by NameResolutionError("HTTPSConnection(host='cde.ucr.cjis.gov', port=443): Failed to resolve 'cde.ucr.cjis.gov' ([Errno 7] No address associated with hostname)"))
[FBI CDE] 0 aggregate state records fetched.
[Medusa] FBI CDE: 0 raw records
[Medusa] Total raw records: 4
[Medusa] After normalization: 3 valid records
[Medusa] After dedup: 3 unique records
[Medusa] Geocoded 3 unique locations for 3 records.
[Medusa] Scan complete. 3 cases ready.
Traceback (most recent call last):
  File "/data/data/com.termux/files/home/medusa/main.py", line 43, in <module>
    if save_case(c):
       ^^^^^^^^^^^^
  File "/data/data/com.termux/files/home/medusa/medusa/database.py", line 107, in save_case
    session = get_session()
              ^^^^^^^^^^^^^
  File "/data/data/com.termux/files/home/medusa/medusa/database.py", line 93, in get_session
    engine = get_engine()
             ^^^^^^^^^^^^
  File "/data/data/com.termux/files/home/medusa/medusa/database.py", line 81, in get_engine
    raise RuntimeError("DATABASE_URL not set")
RuntimeError: DATABASE_URL not set
  [Medusa] DB warning: DATABASE_URL not set
  [Medusa] Scanning all public records…

[Medusa] Starting scan...
[DOJ Press] 1 records fetched.
[Medusa] DOJ Press (94 districts): 1 raw records
[DOJ] 14 records fetched.
[Medusa] DOJ / OVW / FBI: 14 raw records
[Wiki Homicides] CA: 23 relevant cases
[Wiki Homicides] IL: 15 relevant cases
[Wiki Homicides] MI: 10 relevant cases
[Wiki Homicides] MA: 0 relevant cases
[Wiki Homicides] WI: 9 relevant cases
[Wiki Homicides] OR: 4 relevant cases
[Wiki Homicides] NV: 6 relevant cases
[Wiki Homicides] TX: 0 relevant cases
[Wiki Homicides] FL: 0 relevant cases
[Wiki Homicides] NY: 0 relevant cases
[Wiki Homicides] OH: 0 relevant cases
[Wiki Homicides] GA: 0 relevant cases
[Wiki Homicides] PA: 0 relevant cases
[Wiki Homicides] NC: 0 relevant cases
[Wiki Homicides] AZ: 0 relevant cases
[Wiki Homicides] WA: 0 relevant cases
[Wiki Homicides] TN: 0 relevant cases
[Wiki Homicides] IN: 0 relevant cases
[Wiki Homicides] MO: 0 relevant cases
[Wiki Homicides] MD: 0 relevant cases
[Wiki Homicides] CO: 0 relevant cases
[Wiki Homicides] MN: 0 relevant cases
[Wiki Homicides] SC: 0 relevant cases
[Wiki Homicides] AL: 0 relevant cases
[Wiki Homicides] LA: 0 relevant cases
[Wiki Homicides] KY: 0 relevant cases
[Wiki Homicides] OK: 0 relevant cases
[Wiki Homicides] CT: 0 relevant cases
[Wiki Homicides] UT: 0 relevant cases
[Wiki Homicides] IA: 0 relevant cases
[Wiki Homicides] AR: 0 relevant cases
[Wiki Homicides] MS: 0 relevant cases
[Wiki Homicides] KS: 0 relevant cases
[Wiki Homicides] NM: 0 relevant cases
[Wiki Homicides] NE: 0 relevant cases
[Wiki Homicides] WV: 0 relevant cases
[Wiki Homicides] ID: 0 relevant cases
[Wiki Homicides] HI: 0 relevant cases
[Wiki Homicides] NH: 0 relevant cases
[Wiki Homicides] ME: 0 relevant cases
[Wiki Homicides] MT: 0 relevant cases
[Wiki Homicides] RI: 0 relevant cases
[Wiki Homicides] DE: 0 relevant cases
[Wiki Homicides] SD: 0 relevant cases
[Wiki Homicides] ND: 0 relevant cases
[Wiki Homicides] AK: 0 relevant cases
[Wiki Homicides] VT: 0 relevant cases
[Wiki Homicides] WY: 0 relevant cases
[Wiki Homicides] VA: 0 relevant cases
[Wiki Homicides] NJ: 0 relevant cases
[Wiki Homicides] 67 total records fetched.
[Medusa] Wiki Homicides: 67 raw records
[fetch] FAIL https://feeds.themarshallproject.org/marshall-project-stories: HTTPSConnectionPool(host='feeds.themarshallproject.org', port=443): Max retries exceeded with url: /marshall-project-stories (Caused by NameResolutionError("HTTPSConnection(host='feeds.themarshallproject.org', port=443): Failed to resolve 'feeds.themarshallproject.org' ([Errno 7] No address associated with hostname)"))
[Wire RSS] 1 records fetched.
[Medusa] AP News RSS: 1 raw records
[AG Press] Florida AG: 4 records
[AG Press] Arizona AG: 1 records
[AG Press] Georgia AG: 1 records
[AG Press] 6 total records fetched.
[Medusa] AG Press: 6 raw records
[CourtListener] 4 known documented-perpetrator cases loaded.
[CourtListener] 4 records fetched.
[Medusa] CourtListener: 4 raw records
[Marshall Project] 0 records.
[DOJ CEOS] 0 records.
[Medusa] Marshall Project: 0 raw records
[ProPublica/DOJ] 1 records fetched.
[Medusa] ProPublica / DOJ OVW: 1 raw records
[FBI CDE] 0 aggregate state records fetched.
[Medusa] FBI CDE: 0 raw records
[Medusa] Total raw records: 94
[Medusa] After normalization: 44 valid records
[Medusa] After dedup: 44 unique records
[Medusa] Geocoded 44 unique locations for 44 records.
[Medusa] Scan complete. 44 cases ready.
Traceback (most recent call last):
  File "/data/data/com.termux/files/home/medusa/main.py", line 43, in <module>
    if save_case(c):
       ^^^^^^^^^^^^
  File "/data/data/com.termux/files/home/medusa/medusa/database.py", line 107, in save_case
    session = get_session()
              ^^^^^^^^^^^^^
  File "/data/data/com.termux/files/home/medusa/medusa/database.py", line 93, in get_session
    engine = get_engine()
             ^^^^^^^^^^^^
  File "/data/data/com.termux/files/home/medusa/medusa/database.py", line 81, in get_engine
    raise RuntimeError("DATABASE_URL not set")
RuntimeError: DATABASE_URL not set
  [Medusa] DB warning: DATABASE_URL not set
  [Medusa] Scanning all public records…

[Medusa] Starting scan...
[DOJ Press] 4 records fetched.
[Medusa] DOJ Press (94 districts): 4 raw records
[DOJ] 17 records fetched.
[Medusa] DOJ / OVW / FBI: 17 raw records
[Wiki Homicides] CA: 23 relevant cases
[Wiki Homicides] IL: 15 relevant cases
[Wiki Homicides] MI: 10 relevant cases
[Wiki Homicides] MA: 0 relevant cases
[Wiki Homicides] WI: 9 relevant cases
[Wiki Homicides] OR: 4 relevant cases
[Wiki Homicides] NV: 6 relevant cases
[Wiki Homicides] TX: 0 relevant cases
[Wiki Homicides] FL: 0 relevant cases
[Wiki Homicides] NY: 0 relevant cases
[Wiki Homicides] OH: 0 relevant cases
[Wiki Homicides] GA: 0 relevant cases
[Wiki Homicides] PA: 0 relevant cases
[Wiki Homicides] NC: 0 relevant cases
[Wiki Homicides] AZ: 0 relevant cases
[Wiki Homicides] WA: 0 relevant cases
[Wiki Homicides] TN: 0 relevant cases
[Wiki Homicides] IN: 0 relevant cases
[Wiki Homicides] MO: 0 relevant cases
[Wiki Homicides] MD: 0 relevant cases
[Wiki Homicides] CO: 0 relevant cases
[Wiki Homicides] MN: 0 relevant cases
[Wiki Homicides] SC: 0 relevant cases
[Wiki Homicides] AL: 0 relevant cases
[Wiki Homicides] LA: 0 relevant cases
[Wiki Homicides] KY: 0 relevant cases
[Wiki Homicides] OK: 0 relevant cases
[Wiki Homicides] CT: 0 relevant cases
[Wiki Homicides] UT: 0 relevant cases
[Wiki Homicides] IA: 0 relevant cases
[Wiki Homicides] AR: 0 relevant cases
[Wiki Homicides] MS: 0 relevant cases
[Wiki Homicides] KS: 0 relevant cases
[Wiki Homicides] NM: 0 relevant cases
[Wiki Homicides] NE: 0 relevant cases
[Wiki Homicides] WV: 0 relevant cases
[Wiki Homicides] ID: 0 relevant cases
[Wiki Homicides] HI: 0 relevant cases
[Wiki Homicides] NH: 0 relevant cases
[Wiki Homicides] ME: 0 relevant cases
[Wiki Homicides] MT: 0 relevant cases
[Wiki Homicides] RI: 0 relevant cases
[Wiki Homicides] DE: 0 relevant cases
[Wiki Homicides] SD: 0 relevant cases
[Wiki Homicides] ND: 0 relevant cases
[Wiki Homicides] AK: 0 relevant cases
[Wiki Homicides] VT: 0 relevant cases
[Wiki Homicides] WY: 0 relevant cases
[Wiki Homicides] VA: 0 relevant cases
[Wiki Homicides] NJ: 0 relevant cases
[Wiki Homicides] 67 total records fetched.
[Medusa] Wiki Homicides: 67 raw records
[fetch] FAIL https://feeds.themarshallproject.org/marshall-project-stories: HTTPSConnectionPool(host='feeds.themarshallproject.org', port=443): Max retries exceeded with url: /marshall-project-stories (Caused by NameResolutionError("HTTPSConnection(host='feeds.themarshallproject.org', port=443): Failed to resolve 'feeds.themarshallproject.org' ([Errno 7] No address associated with hostname)"))
[Wire RSS] 1 records fetched.
[Medusa] AP News RSS: 1 raw records
[AG Press] Florida AG: 5 records
[AG Press] Arizona AG: 1 records
[AG Press] Georgia AG: 1 records
[AG Press] 7 total records fetched.
[Medusa] AG Press: 7 raw records
[CourtListener] 4 known documented-perpetrator cases loaded.
[CourtListener] 4 records fetched.
[Medusa] CourtListener: 4 raw records
[Marshall Project] 0 records.
[DOJ CEOS] 0 records.
[Medusa] Marshall Project: 0 raw records
[ProPublica/DOJ] 1 records fetched.
[Medusa] ProPublica / DOJ OVW: 1 raw records
[FBI CDE] 0 aggregate state records fetched.
[Medusa] FBI CDE: 0 raw records
[Medusa] Total raw records: 101
[Medusa] After normalization: 51 valid records
[Medusa] After dedup: 51 unique records
[Medusa] Geocoded 51 unique locations for 51 records.
[Medusa] Scan complete. 51 cases ready.
Traceback (most recent call last):
  File "/data/data/com.termux/files/home/medusa/main.py", line 43, in <module>
    if save_case(c):
       ^^^^^^^^^^^^
  File "/data/data/com.termux/files/home/medusa/medusa/database.py", line 107, in save_case
    session = get_session()
              ^^^^^^^^^^^^^
  File "/data/data/com.termux/files/home/medusa/medusa/database.py", line 93, in get_session
    engine = get_engine()
             ^^^^^^^^^^^^
  File "/data/data/com.termux/files/home/medusa/medusa/database.py", line 81, in get_engine
    raise RuntimeError("DATABASE_URL not set")
RuntimeError: DATABASE_URL not set
  [Medusa] DB warning: DATABASE_URL not set
  [Medusa] Scanning all public records…

[Medusa] Starting scan...
[DOJ Press] 1 records fetched.
[Medusa] DOJ Press (94 districts): 1 raw records
[DOJ] 13 records fetched.
[Medusa] DOJ / OVW / FBI: 13 raw records
[Wiki Homicides] CA: 23 relevant cases
[Wiki Homicides] IL: 15 relevant cases
[Wiki Homicides] MI: 10 relevant cases
[Wiki Homicides] MA: 0 relevant cases
[Wiki Homicides] WI: 9 relevant cases
[Wiki Homicides] OR: 4 relevant cases
[Wiki Homicides] NV: 6 relevant cases
[Wiki Homicides] TX: 0 relevant cases
[Wiki Homicides] FL: 0 relevant cases
[Wiki Homicides] NY: 0 relevant cases
[Wiki Homicides] OH: 0 relevant cases
[Wiki Homicides] GA: 0 relevant cases
[Wiki Homicides] PA: 0 relevant cases
[Wiki Homicides] NC: 0 relevant cases
[Wiki Homicides] AZ: 0 relevant cases
[Wiki Homicides] WA: 0 relevant cases
[Wiki Homicides] TN: 0 relevant cases
[Wiki Homicides] IN: 0 relevant cases
[Wiki Homicides] MO: 0 relevant cases
[Wiki Homicides] MD: 0 relevant cases
[Wiki Homicides] CO: 0 relevant cases
[Wiki Homicides] MN: 0 relevant cases
[Wiki Homicides] SC: 0 relevant cases
[Wiki Homicides] AL: 0 relevant cases
[Wiki Homicides] LA: 0 relevant cases
[Wiki Homicides] KY: 0 relevant cases
[Wiki Homicides] OK: 0 relevant cases
[Wiki Homicides] CT: 0 relevant cases
[Wiki Homicides] UT: 0 relevant cases
[Wiki Homicides] IA: 0 relevant cases
[Wiki Homicides] AR: 0 relevant cases
[Wiki Homicides] MS: 0 relevant cases
[Wiki Homicides] KS: 0 relevant cases
[Wiki Homicides] NM: 0 relevant cases
[Wiki Homicides] NE: 0 relevant cases
[Wiki Homicides] WV: 0 relevant cases
[Wiki Homicides] ID: 0 relevant cases
[Wiki Homicides] HI: 0 relevant cases
[Wiki Homicides] NH: 0 relevant cases
[Wiki Homicides] ME: 0 relevant cases
[Wiki Homicides] MT: 0 relevant cases
[Wiki Homicides] RI: 0 relevant cases
[Wiki Homicides] DE: 0 relevant cases
[Wiki Homicides] SD: 0 relevant cases
[Wiki Homicides] ND: 0 relevant cases
[Wiki Homicides] AK: 0 relevant cases
[Wiki Homicides] VT: 0 relevant cases
[Wiki Homicides] WY: 0 relevant cases
[Wiki Homicides] VA: 0 relevant cases
[Wiki Homicides] NJ: 0 relevant cases
[Wiki Homicides] 67 total records fetched.
[Medusa] Wiki Homicides: 67 raw records
[fetch] FAIL https://feeds.themarshallproject.org/marshall-project-stories: HTTPSConnectionPool(host='feeds.themarshallproject.org', port=443): Max retries exceeded with url: /marshall-project-stories (Caused by NameResolutionError("HTTPSConnection(host='feeds.themarshallproject.org', port=443): Failed to resolve 'feeds.themarshallproject.org' ([Errno 7] No address associated with hostname)"))
[Wire RSS] 1 records fetched.
[Medusa] AP News RSS: 1 raw records
[AG Press] Florida AG: 6 records
[AG Press] Arizona AG: 1 records
[AG Press] Georgia AG: 1 records
[AG Press] 8 total records fetched.
[Medusa] AG Press: 8 raw records
[CourtListener] 4 known documented-perpetrator cases loaded.
[CourtListener] 4 records fetched.
[Medusa] CourtListener: 4 raw records
[Marshall Project] 0 records.
[DOJ CEOS] 0 records.
[Medusa] Marshall Project: 0 raw records
[ProPublica/DOJ] 1 records fetched.
[Medusa] ProPublica / DOJ OVW: 1 raw records
[FBI CDE] 0 aggregate state records fetched.
[Medusa] FBI CDE: 0 raw records
[Medusa] Total raw records: 95
[Medusa] After normalization: 44 valid records
[Medusa] After dedup: 44 unique records
[Medusa] Geocoded 44 unique locations for 44 records.
[Medusa] Scan complete. 44 cases ready.
Traceback (most recent call last):
  File "/data/data/com.termux/files/home/medusa/main.py", line 43, in <module>
    if save_case(c):
       ^^^^^^^^^^^^
  File "/data/data/com.termux/files/home/medusa/medusa/database.py", line 107, in save_case
    session = get_session()
              ^^^^^^^^^^^^^
  File "/data/data/com.termux/files/home/medusa/medusa/database.py", line 93, in get_session
    engine = get_engine()
             ^^^^^^^^^^^^
  File "/data/data/com.termux/files/home/medusa/medusa/database.py", line 81, in get_engine
    raise RuntimeError("DATABASE_URL not set")
RuntimeError: DATABASE_URL not set
  [Medusa] DB warning: DATABASE_URL not set
  [Medusa] Scanning all public records…

[Medusa] Starting scan...
[DOJ Press] 0 records fetched.
[Medusa] DOJ Press (94 districts): 0 raw records
[DOJ] 13 records fetched.
[Medusa] DOJ / OVW / FBI: 13 raw records
[Wiki Homicides] CA: 23 relevant cases
[Wiki Homicides] IL: 15 relevant cases
[Wiki Homicides] MI: 10 relevant cases
[Wiki Homicides] MA: 0 relevant cases
[Wiki Homicides] WI: 9 relevant cases
[Wiki Homicides] OR: 4 relevant cases
[Wiki Homicides] NV: 6 relevant cases
[Wiki Homicides] TX: 0 relevant cases
[Wiki Homicides] FL: 0 relevant cases
[Wiki Homicides] NY: 0 relevant cases
[Wiki Homicides] OH: 0 relevant cases
[Wiki Homicides] GA: 0 relevant cases
[Wiki Homicides] PA: 0 relevant cases
[Wiki Homicides] NC: 0 relevant cases
[Wiki Homicides] AZ: 0 relevant cases
[Wiki Homicides] WA: 0 relevant cases
[Wiki Homicides] TN: 0 relevant cases
[Wiki Homicides] IN: 0 relevant cases
[Wiki Homicides] MO: 0 relevant cases
[Wiki Homicides] MD: 0 relevant cases
[Wiki Homicides] CO: 0 relevant cases
[Wiki Homicides] MN: 0 relevant cases
[Wiki Homicides] SC: 0 relevant cases
[Wiki Homicides] AL: 0 relevant cases
[Wiki Homicides] LA: 0 relevant cases
[Wiki Homicides] KY: 0 relevant cases
[Wiki Homicides] OK: 0 relevant cases
[Wiki Homicides] CT: 0 relevant cases
[Wiki Homicides] UT: 0 relevant cases
[Wiki Homicides] IA: 0 relevant cases
[Wiki Homicides] AR: 0 relevant cases
[Wiki Homicides] MS: 0 relevant cases
[Wiki Homicides] KS: 0 relevant cases
[Wiki Homicides] NM: 0 relevant cases
[Wiki Homicides] NE: 0 relevant cases
[Wiki Homicides] WV: 0 relevant cases
[Wiki Homicides] ID: 0 relevant cases
[Wiki Homicides] HI: 0 relevant cases
[Wiki Homicides] NH: 0 relevant cases
[Wiki Homicides] ME: 0 relevant cases
[Wiki Homicides] MT: 0 relevant cases
[Wiki Homicides] RI: 0 relevant cases
[Wiki Homicides] DE: 0 relevant cases
[Wiki Homicides] SD: 0 relevant cases
[Wiki Homicides] ND: 0 relevant cases
[Wiki Homicides] AK: 0 relevant cases
[Wiki Homicides] VT: 0 relevant cases
[Wiki Homicides] WY: 0 relevant cases
[Wiki Homicides] VA: 0 relevant cases
[Wiki Homicides] NJ: 0 relevant cases
[Wiki Homicides] 67 total records fetched.
[Medusa] Wiki Homicides: 67 raw records
[fetch] FAIL https://feeds.themarshallproject.org/marshall-project-stories: HTTPSConnectionPool(host='feeds.themarshallproject.org', port=443): Max retries exceeded with url: /marshall-project-stories (Caused by NameResolutionError("HTTPSConnection(host='feeds.themarshallproject.org', port=443): Failed to resolve 'feeds.themarshallproject.org' ([Errno 7] No address associated with hostname)"))
[Wire RSS] 1 records fetched.
[Medusa] AP News RSS: 1 raw records
[AG Press] Florida AG: 6 records
[AG Press] Arizona AG: 1 records
[AG Press] Georgia AG: 1 records
[AG Press] 8 total records fetched.
[Medusa] AG Press: 8 raw records
[CourtListener] 4 known documented-perpetrator cases loaded.
[CourtListener] 4 records fetched.
[Medusa] CourtListener: 4 raw records
[Marshall Project] 0 records.
[DOJ CEOS] 0 records.
[Medusa] Marshall Project: 0 raw records
[ProPublica/DOJ] 1 records fetched.
[Medusa] ProPublica / DOJ OVW: 1 raw records
[FBI CDE] 0 aggregate state records fetched.
[Medusa] FBI CDE: 0 raw records
[Medusa] Total raw records: 94
[Medusa] After normalization: 43 valid records
[Medusa] After dedup: 43 unique records
[Medusa] Geocoded 43 unique locations for 43 records.
[Medusa] Scan complete. 43 cases ready.
Traceback (most recent call last):
  File "/data/data/com.termux/files/home/medusa/main.py", line 43, in <module>
    if save_case(c):
       ^^^^^^^^^^^^
  File "/data/data/com.termux/files/home/medusa/medusa/database.py", line 107, in save_case
    session = get_session()
              ^^^^^^^^^^^^^
  File "/data/data/com.termux/files/home/medusa/medusa/database.py", line 93, in get_session
    engine = get_engine()
             ^^^^^^^^^^^^
  File "/data/data/com.termux/files/home/medusa/medusa/database.py", line 81, in get_engine
    raise RuntimeError("DATABASE_URL not set")
RuntimeError: DATABASE_URL not set
  [Medusa] DB warning: DATABASE_URL not set
  [Medusa] Scanning all public records…

[Medusa] Starting scan...
[DOJ Press] 1 records fetched.
[Medusa] DOJ Press (94 districts): 1 raw records
[DOJ] 12 records fetched.
[Medusa] DOJ / OVW / FBI: 12 raw records
[Wiki Homicides] CA: 23 relevant cases
[Wiki Homicides] IL: 15 relevant cases
[Wiki Homicides] MI: 10 relevant cases
[Wiki Homicides] MA: 0 relevant cases
[Wiki Homicides] WI: 9 relevant cases
[Wiki Homicides] OR: 4 relevant cases
[Wiki Homicides] NV: 6 relevant cases
[Wiki Homicides] TX: 0 relevant cases
[Wiki Homicides] FL: 0 relevant cases
[Wiki Homicides] NY: 0 relevant cases
[Wiki Homicides] OH: 0 relevant cases
[Wiki Homicides] GA: 0 relevant cases
[Wiki Homicides] PA: 0 relevant cases
[Wiki Homicides] NC: 0 relevant cases
[Wiki Homicides] AZ: 0 relevant cases
[Wiki Homicides] WA: 0 relevant cases
[Wiki Homicides] TN: 0 relevant cases
[Wiki Homicides] IN: 0 relevant cases
[Wiki Homicides] MO: 0 relevant cases
[Wiki Homicides] MD: 0 relevant cases
[Wiki Homicides] CO: 0 relevant cases
[Wiki Homicides] MN: 0 relevant cases
[Wiki Homicides] SC: 0 relevant cases
[Wiki Homicides] AL: 0 relevant cases
[Wiki Homicides] LA: 0 relevant cases
[Wiki Homicides] KY: 0 relevant cases
[Wiki Homicides] OK: 0 relevant cases
[Wiki Homicides] CT: 0 relevant cases
[Wiki Homicides] UT: 0 relevant cases
[Wiki Homicides] IA: 0 relevant cases
[Wiki Homicides] AR: 0 relevant cases
[Wiki Homicides] MS: 0 relevant cases
[Wiki Homicides] KS: 0 relevant cases
[Wiki Homicides] NM: 0 relevant cases
[Wiki Homicides] NE: 0 relevant cases
[Wiki Homicides] WV: 0 relevant cases
[Wiki Homicides] ID: 0 relevant cases
[Wiki Homicides] HI: 0 relevant cases
[Wiki Homicides] NH: 0 relevant cases
[Wiki Homicides] ME: 0 relevant cases
[Wiki Homicides] MT: 0 relevant cases
[Wiki Homicides] RI: 0 relevant cases
[Wiki Homicides] DE: 0 relevant cases
[Wiki Homicides] SD: 0 relevant cases
[Wiki Homicides] ND: 0 relevant cases
[Wiki Homicides] AK: 0 relevant cases
[Wiki Homicides] VT: 0 relevant cases
[Wiki Homicides] WY: 0 relevant cases
[Wiki Homicides] VA: 0 relevant cases
[Wiki Homicides] NJ: 0 relevant cases
[Wiki Homicides] 67 total records fetched.
[Medusa] Wiki Homicides: 67 raw records
[fetch] FAIL https://feeds.themarshallproject.org/marshall-project-stories: HTTPSConnectionPool(host='feeds.themarshallproject.org', port=443): Max retries exceeded with url: /marshall-project-stories (Caused by NameResolutionError("HTTPSConnection(host='feeds.themarshallproject.org', port=443): Failed to resolve 'feeds.themarshallproject.org' ([Errno 7] No address associated with hostname)"))
[Wire RSS] 1 records fetched.
[Medusa] AP News RSS: 1 raw records
[AG Press] Florida AG: 5 records
[AG Press] Arizona AG: 1 records
[AG Press] Georgia AG: 1 records
[AG Press] 7 total records fetched.
[Medusa] AG Press: 7 raw records
[CourtListener] 4 known documented-perpetrator cases loaded.
[CourtListener] 4 records fetched.
[Medusa] CourtListener: 4 raw records
[Marshall Project] 0 records.
[DOJ CEOS] 0 records.
[Medusa] Marshall Project: 0 raw records
[ProPublica/DOJ] 1 records fetched.
[Medusa] ProPublica / DOJ OVW: 1 raw records
[FBI CDE] 0 aggregate state records fetched.
[Medusa] FBI CDE: 0 raw records
[Medusa] Total raw records: 93
[Medusa] After normalization: 41 valid records
[Medusa] After dedup: 41 unique records
[Medusa] Geocoded 41 unique locations for 41 records.
[Medusa] Scan complete. 41 cases ready.
Traceback (most recent call last):
  File "/data/data/com.termux/files/home/medusa/main.py", line 43, in <module>
    if save_case(c):
       ^^^^^^^^^^^^
  File "/data/data/com.termux/files/home/medusa/medusa/database.py", line 107, in save_case
    session = get_session()
              ^^^^^^^^^^^^^
  File "/data/data/com.termux/files/home/medusa/medusa/database.py", line 93, in get_session
    engine = get_engine()
             ^^^^^^^^^^^^
  File "/data/data/com.termux/files/home/medusa/medusa/database.py", line 81, in get_engine
    raise RuntimeError("DATABASE_URL not set")
RuntimeError: DATABASE_URL not set
  [Medusa] DB warning: DATABASE_URL not set
  [Medusa] Scanning all public records…

[Medusa] Starting scan...
[DOJ Press] 1 records fetched.
[Medusa] DOJ Press (94 districts): 1 raw records
[DOJ] 14 records fetched.
[Medusa] DOJ / OVW / FBI: 14 raw records
[Wiki Homicides] CA: 23 relevant cases
[Wiki Homicides] IL: 15 relevant cases
[Wiki Homicides] MI: 10 relevant cases
[Wiki Homicides] MA: 0 relevant cases
[Wiki Homicides] WI: 9 relevant cases
[Wiki Homicides] OR: 4 relevant cases
[Wiki Homicides] NV: 6 relevant cases
[Wiki Homicides] TX: 0 relevant cases
[Wiki Homicides] FL: 0 relevant cases
[Wiki Homicides] NY: 0 relevant cases
[Wiki Homicides] OH: 0 relevant cases
[Wiki Homicides] GA: 0 relevant cases
[Wiki Homicides] PA: 0 relevant cases
[Wiki Homicides] NC: 0 relevant cases
[Wiki Homicides] AZ: 0 relevant cases
[Wiki Homicides] WA: 0 relevant cases
[Wiki Homicides] TN: 0 relevant cases
[Wiki Homicides] IN: 0 relevant cases
[Wiki Homicides] MO: 0 relevant cases
[Wiki Homicides] MD: 0 relevant cases
[Wiki Homicides] CO: 0 relevant cases
[Wiki Homicides] MN: 0 relevant cases
[Wiki Homicides] SC: 0 relevant cases
[Wiki Homicides] AL: 0 relevant cases
[Wiki Homicides] LA: 0 relevant cases
[Wiki Homicides] KY: 0 relevant cases
[Wiki Homicides] OK: 0 relevant cases
[Wiki Homicides] CT: 0 relevant cases
[Wiki Homicides] UT: 0 relevant cases
[Wiki Homicides] IA: 0 relevant cases
[Wiki Homicides] AR: 0 relevant cases
[Wiki Homicides] MS: 0 relevant cases
[Wiki Homicides] KS: 0 relevant cases
[Wiki Homicides] NM: 0 relevant cases
[Wiki Homicides] NE: 0 relevant cases
[Wiki Homicides] WV: 0 relevant cases
[Wiki Homicides] ID: 0 relevant cases
[Wiki Homicides] HI: 0 relevant cases
[Wiki Homicides] NH: 0 relevant cases
[Wiki Homicides] ME: 0 relevant cases
[Wiki Homicides] MT: 0 relevant cases
[Wiki Homicides] RI: 0 relevant cases
[Wiki Homicides] DE: 0 relevant cases
[Wiki Homicides] SD: 0 relevant cases
[Wiki Homicides] ND: 0 relevant cases
[Wiki Homicides] AK: 0 relevant cases
[Wiki Homicides] VT: 0 relevant cases
[Wiki Homicides] WY: 0 relevant cases
[Wiki Homicides] VA: 0 relevant cases
[Wiki Homicides] NJ: 0 relevant cases
[Wiki Homicides] 67 total records fetched.
[Medusa] Wiki Homicides: 67 raw records
[fetch] FAIL https://feeds.themarshallproject.org/marshall-project-stories: HTTPSConnectionPool(host='feeds.themarshallproject.org', port=443): Max retries exceeded with url: /marshall-project-stories (Caused by NameResolutionError("HTTPSConnection(host='feeds.themarshallproject.org', port=443): Failed to resolve 'feeds.themarshallproject.org' ([Errno 7] No address associated with hostname)"))
[Wire RSS] 1 records fetched.
[Medusa] AP News RSS: 1 raw records
[AG Press] Florida AG: 4 records
[AG Press] Georgia AG: 1 records
[AG Press] Missouri AG: 1 records
[AG Press] 6 total records fetched.
[Medusa] AG Press: 6 raw records
[CourtListener] 4 known documented-perpetrator cases loaded.
[CourtListener] 4 records fetched.
[Medusa] CourtListener: 4 raw records
[Marshall Project] 0 records.
[DOJ CEOS] 0 records.
[Medusa] Marshall Project: 0 raw records
[ProPublica/DOJ] 0 records fetched.
[Medusa] ProPublica / DOJ OVW: 0 raw records
[FBI CDE] 0 aggregate state records fetched.
[Medusa] FBI CDE: 0 raw records
[Medusa] Total raw records: 93
[Medusa] After normalization: 42 valid records
[Medusa] After dedup: 42 unique records
[Medusa] Geocoded 42 unique locations for 42 records.
[Medusa] Scan complete. 42 cases ready.
Traceback (most recent call last):
  File "/data/data/com.termux/files/home/medusa/main.py", line 43, in <module>
    if save_case(c):
       ^^^^^^^^^^^^
  File "/data/data/com.termux/files/home/medusa/medusa/database.py", line 107, in save_case
    session = get_session()
              ^^^^^^^^^^^^^
  File "/data/data/com.termux/files/home/medusa/medusa/database.py", line 93, in get_session
    engine = get_engine()
             ^^^^^^^^^^^^
  File "/data/data/com.termux/files/home/medusa/medusa/database.py", line 81, in get_engine
    raise RuntimeError("DATABASE_URL not set")
RuntimeError: DATABASE_URL not set
  [Medusa] DB warning: DATABASE_URL not set
  [Medusa] Scanning all public records…

[Medusa] Starting scan...
[DOJ Press] 3 records fetched.
[Medusa] DOJ Press (94 districts): 3 raw records
[DOJ] 14 records fetched.
[Medusa] DOJ / OVW / FBI: 14 raw records
[Wiki Homicides] CA: 23 relevant cases
[Wiki Homicides] IL: 15 relevant cases
[Wiki Homicides] MI: 10 relevant cases
[Wiki Homicides] MA: 0 relevant cases
[Wiki Homicides] WI: 9 relevant cases
[Wiki Homicides] OR: 4 relevant cases
[Wiki Homicides] NV: 6 relevant cases
[Wiki Homicides] TX: 0 relevant cases
[Wiki Homicides] FL: 0 relevant cases
[Wiki Homicides] NY: 0 relevant cases
[Wiki Homicides] OH: 0 relevant cases
[Wiki Homicides] GA: 0 relevant cases
[Wiki Homicides] PA: 0 relevant cases
[Wiki Homicides] NC: 0 relevant cases
[Wiki Homicides] AZ: 0 relevant cases
[Wiki Homicides] WA: 0 relevant cases
[Wiki Homicides] TN: 0 relevant cases
[Wiki Homicides] IN: 0 relevant cases
[Wiki Homicides] MO: 0 relevant cases
[Wiki Homicides] MD: 0 relevant cases
[Wiki Homicides] CO: 0 relevant cases
[Wiki Homicides] MN: 0 relevant cases
[Wiki Homicides] SC: 0 relevant cases
[Wiki Homicides] AL: 0 relevant cases
[Wiki Homicides] LA: 0 relevant cases
[Wiki Homicides] KY: 0 relevant cases
[Wiki Homicides] OK: 0 relevant cases
[Wiki Homicides] CT: 0 relevant cases
[Wiki Homicides] UT: 0 relevant cases
[Wiki Homicides] IA: 0 relevant cases
[Wiki Homicides] AR: 0 relevant cases
[Wiki Homicides] MS: 0 relevant cases
[Wiki Homicides] KS: 0 relevant cases
[Wiki Homicides] NM: 0 relevant cases
[Wiki Homicides] NE: 0 relevant cases
[Wiki Homicides] WV: 0 relevant cases
[Wiki Homicides] ID: 0 relevant cases
[Wiki Homicides] HI: 0 relevant cases
[Wiki Homicides] NH: 0 relevant cases
[Wiki Homicides] ME: 0 relevant cases
[Wiki Homicides] MT: 0 relevant cases
[Wiki Homicides] RI: 0 relevant cases
[Wiki Homicides] DE: 0 relevant cases
[Wiki Homicides] SD: 0 relevant cases
[Wiki Homicides] ND: 0 relevant cases
[Wiki Homicides] AK: 0 relevant cases
[Wiki Homicides] VT: 0 relevant cases
[Wiki Homicides] WY: 0 relevant cases
[Wiki Homicides] VA: 0 relevant cases
[Wiki Homicides] NJ: 0 relevant cases
[Wiki Homicides] 67 total records fetched.
[Medusa] Wiki Homicides: 67 raw records
[fetch] FAIL https://feeds.themarshallproject.org/marshall-project-stories: HTTPSConnectionPool(host='feeds.themarshallproject.org', port=443): Max retries exceeded with url: /marshall-project-stories (Caused by NameResolutionError("HTTPSConnection(host='feeds.themarshallproject.org', port=443): Failed to resolve 'feeds.themarshallproject.org' ([Errno 7] No address associated with hostname)"))
[Wire RSS] 1 records fetched.
[Medusa] AP News RSS: 1 raw records
[AG Press] Florida AG: 4 records
[AG Press] Georgia AG: 1 records
[AG Press] Missouri AG: 1 records
[AG Press] 6 total records fetched.
[Medusa] AG Press: 6 raw records
[CourtListener] 4 known documented-perpetrator cases loaded.
[CourtListener] 4 records fetched.
[Medusa] CourtListener: 4 raw records
[Marshall Project] 0 records.
[DOJ CEOS] 0 records.
[Medusa] Marshall Project: 0 raw records
[ProPublica/DOJ] 1 records fetched.
[Medusa] ProPublica / DOJ OVW: 1 raw records
[FBI CDE] 0 aggregate state records fetched.
[Medusa] FBI CDE: 0 raw records
[Medusa] Total raw records: 96
[Medusa] After normalization: 45 valid records
[Medusa] After dedup: 45 unique records
[Medusa] Geocoded 45 unique locations for 45 records.
[Medusa] Scan complete. 45 cases ready.
Traceback (most recent call last):
  File "/data/data/com.termux/files/home/medusa/main.py", line 43, in <module>
    if save_case(c):
       ^^^^^^^^^^^^
  File "/data/data/com.termux/files/home/medusa/medusa/database.py", line 102, in save_case
    session = get_session()
              ^^^^^^^^^^^^^
  File "/data/data/com.termux/files/home/medusa/medusa/database.py", line 88, in get_session
    engine = get_engine()
             ^^^^^^^^^^^^
  File "/data/data/com.termux/files/home/medusa/medusa/database.py", line 77, in get_engine
    raise RuntimeError("DATABASE_URL not set")
RuntimeError: DATABASE_URL not set
